10:25:38;0.579
10:25:41;0.345
10:25:43;0.126
10:25:45;0.008
10:25:47;0.035
10:25:49;0.198
10:25:51;0.433
10:25:53;0.651
10:25:55;0.768
10:25:57;0.740
10:25:59;0.578
10:26:01;0.343
10:26:03;0.125
10:26:05;0.008
10:26:07;0.035
10:26:09;0.198
10:26:50;0.441
10:26:52;0.657
10:26:54;0.770
10:26:56;0.737
10:26:58;0.569
10:27:00;0.333
10:27:02;0.118
10:27:04;0.006
10:27:06;0.040
10:27:08;0.206
10:27:10;0.443
10:27:12;0.658
10:27:14;0.770
10:27:16;0.735
10:29:32;0.603
10:29:34;0.752
10:29:36;0.761
10:29:38;0.628
10:29:40;0.404
10:29:42;0.173
10:29:44;0.024
10:29:46;0.014
10:29:48;0.147
10:29:50;0.372
10:31:32;0.619
10:31:34;0.758
10:31:39;0.755
10:31:41;0.249
10:31:43;0.062
10:31:45;0.001
10:31:47;0.087
10:31:49;0.288
10:31:51;0.527
10:31:53;0.713
10:31:55;0.775
10:31:57;0.689
10:33:15;0.599
10:33:17;0.689
10:33:19;0.488
10:33:21;0.247
10:33:23;0.061
10:33:25;0.001
10:33:27;0.088
10:33:29;0.290
10:33:31;0.529
10:33:33;0.714
10:33:35;0.775
10:33:37;0.687
10:33:39;0.484
10:33:41;0.245
10:33:43;0.060
10:33:45;0.001
10:33:47;0.089
10:33:49;0.291
10:33:51;0.531
10:33:53;0.715
10:33:55;0.775
10:33:57;0.687
10:33:59;0.484
10:34:01;0.245
10:34:03;0.060
10:34:05;0.001
10:34:07;0.089
10:34:09;0.291
10:34:11;0.531
10:34:13;0.715
10:42:58;0.775
10:43:00;0.547
17:17:58;0.819
17:18:00;0.530
17:18:02;0.231
17:18:04;0.034
17:18:06;0.017
17:18:08;0.184
17:18:10;0.473
17:18:12;0.771
17:18:14;0.966
17:18:16;0.983
17:18:18;0.816
17:18:20;0.527
17:18:23;0.109
17:18:25;0.001
17:18:27;0.083
17:18:29;0.324
17:18:31;0.633
17:18:33;0.892
17:18:35;1.000
17:18:37;0.916
17:18:39;0.674
17:18:41;0.365
17:18:43;0.108
17:18:45;0.000
17:18:47;0.084
17:18:49;0.326
17:18:51;0.635
17:18:53;0.892
17:18:55;1.000
17:18:57;0.916
17:18:59;0.674
17:19:01;0.189
17:19:03;0.056
17:19:05;0.000
17:19:07;0.043
17:19:09;0.169
17:19:11;0.329
17:19:13;0.462
17:19:15;0.517
17:19:17;0.474
17:19:19;0.348
17:19:21;0.189
17:19:23;0.056
17:19:25;0.000
17:19:27;0.044
17:19:29;0.170
17:19:31;0.330
17:19:33;0.463
17:19:36;0.507
17:19:38;0.417
17:19:40;0.267
17:19:42;0.112
17:19:44;0.015
17:19:46;0.011
17:19:48;0.101
17:19:50;0.253
17:19:52;0.406
17:19:54;0.503
17:19:56;0.506
17:19:58;0.415
17:20:00;0.264
17:20:02;0.111
17:20:04;0.014
17:20:06;0.011
17:20:08;0.103
17:20:10;0.255
17:20:12;0.407
17:20:21;0.503
17:20:23;0.049
17:20:25;0.000
17:20:27;0.052
17:20:29;0.182
17:20:31;0.342
17:20:33;0.470
17:20:35;0.517
17:20:37;0.466
17:20:39;0.335
17:20:41;0.175
17:20:43;0.047
17:20:45;0.000
17:20:47;0.052
17:20:49;0.182
17:20:51;0.342
17:20:53;0.470
17:20:55;0.517
17:40:28;0.064
17:40:30;0.208
17:40:32;0.367
17:40:34;0.484
17:40:36;0.515
17:40:38;0.449
17:40:40;0.309
17:41:04;0.151
17:41:06;0.026
17:41:08;0.138
17:41:11;0.372
17:41:13;0.487
17:41:15;0.515
17:41:17;0.444
17:41:19;0.303
17:41:21;0.145
17:41:23;0.030
17:41:25;0.003
17:41:27;0.073
17:41:29;0.214
17:41:31;0.372
17:41:33;0.487
17:41:35;0.515
17:41:37;0.444
17:41:39;0.303
17:41:41;0.145
17:41:43;0.030
17:41:45;0.003
17:41:47;0.073
17:41:49;0.214
17:41:51;0.372
17:41:53;0.488
17:41:55;0.514
17:41:57;0.443
17:41:59;0.302
17:42:01;0.144
17:42:03;0.029
17:42:05;0.003
17:42:07;0.074
17:42:09;0.215
17:42:11;0.374
17:42:13;0.488
17:42:15;0.514
17:42:17;0.443
17:42:19;0.302
17:42:21;0.144
17:42:23;0.029
17:42:26;0.027
17:42:28;0.139
17:42:30;0.296
17:42:32;0.440
17:42:34;0.514
17:42:36;0.490
17:42:38;0.378
17:42:40;0.221
17:42:42;0.078
17:42:44;0.004
17:42:46;0.027
17:42:48;0.139
17:42:50;0.296
17:42:52;0.440
17:42:54;0.514
17:42:56;0.490
17:42:58;0.378
17:43:00;0.221
17:43:02;0.078
17:43:04;0.004
17:43:06;0.027
17:43:08;0.139
17:43:10;0.296
17:43:12;0.440
17:43:14;0.514
17:43:16;0.490
17:43:18;0.378
17:43:20;0.221
17:43:22;0.078
17:43:24;0.004
17:43:26;0.027
17:43:28;0.139
17:43:31;0.374
17:43:33;0.488
17:43:36;0.490
17:43:38;0.378
17:43:40;0.221
17:43:42;0.078
17:43:44;0.004
17:43:46;0.027
17:43:48;0.139
17:43:50;0.296
17:43:52;0.440
17:43:54;0.514
17:43:56;0.490
17:43:58;0.378
17:44:00;0.221
17:44:02;0.078
17:44:04;0.004
17:44:06;0.027
17:44:08;0.139
17:44:10;0.296
17:44:12;0.440
17:44:14;0.514
17:44:16;0.490
17:44:18;0.378
17:44:20;0.221
17:44:22;0.078
17:44:24;0.004
17:44:26;0.027
17:44:28;0.139
17:44:30;0.296
17:44:32;0.440
17:44:34;0.514
17:44:36;0.490
17:44:38;0.378
17:44:40;0.189
17:44:42;0.014
17:44:44;0.003
17:44:46;0.001
17:44:48;0.189
17:44:50;0.108
17:44:52;0.312
17:44:54;0.988
17:44:56;0.522
17:44:58;0.407
17:45:00;0.051
17:45:02;0.058
17:45:04;0.000
17:45:06;0.028
17:45:08;0.096
17:45:10;0.282
17:45:12;0.237
17:45:14;0.240
17:45:16;0.733
17:45:18;0.599
17:45:20;-0.408
17:45:22;-0.039
17:45:24;-0.006
17:45:26;-0.009
17:45:28;-0.247
17:45:30;-0.159
17:45:32;-0.382
17:45:34;1.017
17:45:36;0.595
17:45:38;0.699
17:45:40;0.338
17:45:42;0.042
17:45:44;0.007
17:45:46;0.031
17:45:48;0.129
17:45:50;0.389
17:45:52;0.790
17:45:54;0.583
17:45:56;0.034
17:45:58;0.181
17:46:00;0.265
17:46:02;0.121
17:46:04;0.001
17:46:06;0.041
17:46:08;0.006
17:46:10;0.264
17:46:12;0.849
17:46:14;0.099
17:46:16;0.096
17:46:18;0.202
17:46:20;0.310
17:46:22;0.108
17:46:24;0.005
17:46:26;0.027
17:46:28;0.203
17:46:30;0.167
17:46:32;0.047
17:46:34;0.385
17:46:36;0.193
17:46:38;0.672
17:46:40;0.128
17:46:42;0.124
17:46:44;0.007
17:46:46;0.028
17:46:48;-0.222
17:46:50;-0.578
17:46:52;-0.457
17:46:54;-0.055
17:46:56;-0.892
17:46:58;-0.508
17:47:00;-0.388
17:47:02;-0.043
17:47:05;-0.006
17:47:07;0.023
17:47:09;0.248
17:47:11;0.177
17:47:13;0.509
17:47:15;1.017
17:47:17;0.596
17:47:19;0.162
17:47:21;0.157
17:47:23;0.093
17:47:25;0.004
17:47:27;0.024
17:47:29;0.248
17:47:31;0.372
17:47:33;0.009
17:47:35;0.777
17:47:37;0.616
17:47:39;0.493
17:47:41;0.338
17:47:43;0.119
17:47:45;0.004
17:47:47;0.048
17:47:49;0.181
17:47:51;0.414
17:47:53;0.598
17:47:55;0.838
17:47:57;0.402
17:47:59;0.453
17:48:01;0.102
17:48:03;0.144
17:48:05;0.006
17:48:07;0.036
17:48:09;0.015
17:48:11;0.079
17:48:13;0.338
17:48:15;0.310
17:48:17;0.875
17:48:22;0.258
17:48:27;0.084
17:48:29;0.085
17:48:31;1.121
17:48:33;1.146
17:48:35;1.437
17:48:37;1.146
17:48:39;0.655
17:48:41;0.143
17:48:43;0.068
17:48:45;0.004
17:48:47;0.116
17:48:49;0.224
17:48:51;0.024
17:48:53;0.733
17:48:55;0.771
17:48:57;0.664
17:48:59;0.451
17:49:01;0.214
17:49:03;0.043
17:49:05;0.005
17:49:07;0.113
17:49:09;0.327
17:49:11;0.564
17:49:13;0.733
17:49:15;0.771
17:49:17;0.662
17:49:19;0.449
17:49:21;0.212
17:49:23;0.042
17:49:25;0.005
17:49:27;0.113
17:49:29;0.327
17:49:31;0.564
17:49:33;0.733
17:49:35;0.771
17:52:32;0.662
17:52:34;0.771
17:52:36;0.733
17:52:38;0.563
17:52:40;0.326
17:52:42;0.113
17:52:44;0.004
17:52:46;0.044
17:52:48;0.215
17:52:50;0.452
17:52:52;0.665
17:52:54;0.772
17:52:56;0.732
17:52:58;0.561
17:53:00;0.324
17:53:02;0.111
17:53:04;0.004
17:53:06;0.044
17:53:08;0.215
17:53:10;0.452
17:53:12;0.665
17:53:14;0.772
17:53:16;0.732
17:53:18;0.561
17:53:20;0.324
17:53:22;0.111
17:53:24;0.004
17:53:26;0.045
17:53:28;0.217
17:53:30;0.460
17:53:32;0.670
17:53:34;0.386
17:53:36;0.243
17:53:38;0.110
17:53:40;0.190
17:53:42;0.019
17:53:44;0.001
17:53:46;0.020
17:53:48;0.113
17:53:50;0.174
17:53:52;0.213
17:53:54;0.401
17:53:56;0.104
17:53:58;0.352
17:54:00;0.184
17:54:02;0.031
17:54:04;0.000
17:54:06;0.017
17:54:08;0.029
17:54:10;0.001
17:54:12;0.367
17:54:14;0.039
17:54:16;0.027
17:54:18;0.132
17:54:20;0.095
17:54:22;0.055
17:54:24;0.001
17:54:26;0.016
17:54:28;0.005
17:54:30;0.122
17:54:32;0.256
17:54:34;0.506
17:54:36;0.260
17:54:38;0.269
17:54:40;0.121
17:54:42;0.042
17:54:44;0.000
17:54:46;0.010
17:54:48;0.150
17:54:50;0.003
17:54:52;0.175
17:54:54;0.278
17:54:56;0.121
17:54:58;0.199
17:55:00;0.038
17:55:02;0.001
17:55:04;0.002
17:55:06;0.025
17:55:08;0.133
17:55:10;0.102
17:55:12;0.383
17:55:14;0.067
17:55:16;0.467
17:55:18;0.104
17:55:20;0.094
17:55:22;0.038
17:55:24;0.002
17:55:26;0.010
17:55:28;0.002
17:55:30;0.114
17:55:33;0.407
17:55:35;0.204
17:55:37;0.097
17:55:39;0.144
17:55:41;0.081
17:55:43;0.017
17:55:45;0.001
17:55:47;0.024
17:55:49;0.022
17:55:51;0.086
17:55:53;0.126
17:55:55;0.372
17:55:57;0.432
17:55:59;0.121
17:56:01;0.088
17:56:03;0.023
17:56:05;0.001
17:56:07;0.014
17:56:09;0.063
17:56:11;0.125
17:56:13;0.031
17:56:15;0.164
17:56:17;0.366
17:56:19;0.090
17:56:21;0.198
17:56:23;0.024
17:56:25;0.001
17:56:27;0.002
17:56:29;0.140
17:56:31;0.304
17:56:33;0.405
17:56:35;0.308
17:56:37;0.226
17:56:39;0.266
17:56:41;0.114
17:56:43;0.027
17:56:45;0.001
17:56:47;0.028
17:56:49;0.122
17:56:51;0.277
17:56:53;0.214
17:56:55;0.377
17:56:57;0.157
17:56:59;0.053
17:57:01;0.194
17:57:03;0.057
17:57:05;0.001
17:57:07;0.018
17:57:09;0.027
17:57:11;0.133
17:57:13;0.348
17:57:15;0.133
17:57:17;0.028
17:57:19;0.272
17:57:21;0.183
17:57:23;0.047
17:57:25;0.001
17:57:27;0.032
17:57:29;0.098
17:57:31;0.016
17:57:33;0.326
17:57:35;0.430
17:57:37;0.294
17:57:39;0.340
17:57:41;0.121
17:57:43;0.049
17:57:45;0.000
17:57:47;0.032
17:57:49;0.087
17:57:51;0.198
17:57:53;0.223
17:57:55;0.395
17:57:57;0.246
17:57:59;0.246
17:58:01;0.089
17:58:03;0.009
17:58:05;0.001
17:58:07;0.015
17:58:09;0.012
17:58:11;0.240
17:58:13;0.009
17:58:15;0.177
17:58:17;0.057
17:58:19;0.046
17:58:21;0.026
17:58:23;0.015
17:58:25;0.001
17:58:27;0.001
17:58:29;0.141
17:58:31;0.116
17:58:33;0.413
17:58:35;0.317
17:58:37;0.199
17:58:39;0.339
17:58:41;0.071
17:58:43;0.055
17:58:45;0.001
17:58:47;0.008
17:58:49;0.018
17:58:51;0.044
17:58:53;0.250
17:58:55;0.005
17:58:57;0.275
17:58:59;0.288
17:59:01;0.146
17:59:03;0.014
17:59:05;0.000
17:59:07;0.016
17:59:09;0.044
17:59:11;0.257
17:59:13;0.163
17:59:15;0.211
17:59:17;0.104
17:59:19;0.322
17:59:21;0.091
17:59:23;0.010
17:59:25;0.001
17:59:27;0.014
17:59:29;0.107
17:59:31;0.294
17:59:33;0.291
17:59:35;0.123
17:59:37;0.023
17:59:39;0.115
17:59:41;0.180
17:59:43;0.029
17:59:45;0.001
17:59:47;0.005
17:59:49;0.045
17:59:51;0.128
17:59:53;0.399
17:59:55;0.336
17:59:57;0.092
17:59:59;0.268
18:00:01;0.182
18:00:03;0.014
18:00:05;0.001
18:00:07;0.009
18:00:09;0.017
18:00:11;0.290
18:00:13;0.340
18:00:15;0.454
18:00:17;0.324
18:00:19;0.250
18:00:21;0.200
18:00:23;0.023
18:00:25;0.000
18:00:27;0.006
18:00:29;0.002
18:03:37;0.250
18:03:39;0.139
18:03:41;0.039
18:03:43;0.018
18:03:45;0.001
18:03:47;0.003
18:03:49;0.211
18:03:51;0.289
18:03:53;0.261
18:03:55;0.033
18:03:57;0.324
18:03:59;0.104
18:04:01;0.046
18:04:03;0.007
18:31:33;0.245
18:31:35;0.370
18:31:37;0.386
18:31:39;0.055
18:31:41;0.071
18:31:43;0.026
18:31:45;0.000
18:31:47;0.023
18:31:49;0.112
18:31:51;0.262
18:31:53;0.403
18:31:55;0.243
18:31:57;0.041
18:31:59;0.327
18:32:01;0.046
18:32:03;0.014
18:35:16;0.054
18:35:18;0.178
18:35:20;0.019
18:35:22;0.006
18:35:24;0.003
18:35:26;0.004
18:35:28;0.025
18:35:30;0.043
18:35:32;0.204
18:35:34;0.265
18:35:36;0.124
18:35:38;0.375
18:35:40;0.096
18:35:42;0.030
18:35:44;0.002
18:35:46;0.005
18:35:48;0.045
18:35:50;0.022
18:35:52;0.303
18:35:54;0.337
18:35:56;0.499
18:35:58;0.394
18:36:00;0.146
18:36:02;0.014
18:36:04;0.008
18:36:06;0.002
18:36:08;0.030
18:36:10;0.198
18:36:12;0.233
18:36:14;0.130
18:36:16;0.010
18:36:18;0.292
18:36:20;0.012
18:36:22;0.076
18:36:24;0.007
18:36:26;0.014
18:36:28;-0.034
18:36:30;-0.040
18:36:32;0.253
18:36:34;0.170
18:36:36;0.063
18:36:38;0.319
18:36:40;0.005
18:36:42;0.073
18:36:44;0.005
18:36:46;0.007
18:36:48;0.072
18:36:50;0.223
18:36:52;0.044
18:36:54;0.322
18:47:27;0.008
18:47:29;0.053
18:47:31;0.264
18:47:33;0.085
18:47:35;0.030
18:47:37;0.096
18:47:39;0.274
18:47:41;0.183
18:47:43;0.054
18:47:45;0.000
18:47:47;0.003
18:47:49;0.118
18:47:51;0.306
18:47:53;0.191
18:47:55;0.142
18:47:57;0.051
18:47:59;0.342
18:48:01;0.095
18:48:03;0.052
18:48:05;0.000
18:48:07;0.026
18:48:09;0.148
18:48:11;0.138
18:50:07;0.022
18:50:09;0.013
18:50:11;0.050
18:50:13;0.161
18:50:15;0.171
18:50:17;0.160
18:50:19;0.158
18:50:21;0.057
18:50:23;0.007
18:50:25;0.006
18:50:27;0.044
18:50:29;0.024
18:50:31;0.049
18:50:33;0.125
18:50:35;0.482
18:50:37;0.049
18:50:39;0.035
18:50:41;0.067
18:50:43;0.002
18:50:45;0.004
18:50:47;0.061
18:50:49;0.019
18:50:51;0.178
18:50:53;0.091
18:50:55;0.097
18:50:57;0.041
18:50:59;0.230
18:51:01;0.119
18:51:03;0.015
18:51:05;0.007
18:51:07;0.027
18:51:09;0.013
18:51:11;0.384
18:51:13;0.455
18:51:15;0.397
18:51:17;0.417
18:51:19;0.236
18:51:21;0.082
18:51:23;0.006
18:51:25;0.007
18:51:27;0.011
18:51:29;0.041
18:51:31;0.038
18:51:33;0.025
18:51:35;0.315
18:51:37;0.106
18:51:39;0.265
18:51:41;0.002
18:51:43;0.004
18:51:45;0.006
18:51:47;0.049
18:51:49;0.027
18:51:51;0.055
18:51:53;0.425
18:51:55;0.432
18:51:57;0.146
18:51:59;0.127
18:52:57;0.045
18:58:36;0.312
18:58:38;0.045
18:58:40;0.044
18:58:42;0.081
18:58:44;0.006
18:58:46;0.012
18:58:48;0.020
18:58:50;0.037
18:58:52;0.185
18:58:54;0.142
18:58:56;0.081
18:58:58;0.325
18:59:00;0.164
18:59:02;0.052
18:59:04;0.012
18:59:06;0.002
21:42:20;0.396
21:42:26;0.000
21:42:28;0.345
21:42:30;0.654
21:42:32;0.904
21:42:50;1.000
21:42:52;0.795
21:42:54;0.976
21:42:56;0.974
21:42:58;0.790
21:43:00;0.496
21:43:14;0.341
21:43:16;0.974
21:43:18;0.790
21:43:20;0.496
21:43:22;0.203
21:43:24;0.023
21:43:26;0.026
21:43:28;0.212
21:43:30;0.507
21:43:32;0.799
21:44:02;0.908
21:44:04;0.022
21:44:06;0.027
21:44:08;0.214
21:44:10;0.509
21:44:12;0.801
21:44:14;0.978
21:44:16;0.973
22:02:38;0.725
22:02:40;0.420
22:02:42;0.145
22:02:44;0.006
22:02:46;0.055
22:02:48;0.275
22:02:50;0.580
22:02:52;0.855
22:02:54;0.994
22:02:56;0.945
22:02:58;0.725
22:03:00;0.420
22:03:02;0.145
22:03:04;0.006
22:03:06;0.055
22:03:08;0.275
22:03:10;0.580
22:03:12;0.855
22:03:14;0.994
22:03:16;0.945
22:03:18;0.725
22:03:20;0.420
22:03:22;0.145
22:03:24;0.006
22:03:26;0.055
22:03:28;0.275
22:03:30;0.580
22:03:32;0.855
22:03:34;0.994
22:03:36;0.945
22:03:38;0.725
22:03:40;0.415
22:03:42;0.142
22:03:44;0.005
22:03:46;0.058
22:03:48;0.279
22:03:50;0.585
22:04:51;0.761
22:04:53;0.962
22:04:55;0.986
22:04:57;0.927
22:05:03;0.120
22:05:06;-0.014
22:05:08;-0.073
22:05:16;0.986
22:05:18;0.927
22:05:21;0.381
22:05:23;0.119
22:05:25;0.037
22:05:28;-0.177
22:05:30;-0.463
22:05:34;0.963
22:06:22;0.999
22:06:24;0.037
22:06:26;0.001
22:06:30;-0.463
22:06:36;0.986
22:14:29;0.925
22:14:31;0.552
22:14:33;0.834
22:14:35;0.989
22:14:37;0.957
22:14:39;0.750
22:14:41;0.448
22:14:43;0.166
22:14:52;0.067
22:14:54;0.991
22:21:47;0.954
22:21:49;0.294
22:32:40;0.444
22:32:42;0.200
22:32:44;0.022
22:32:46;0.027
22:32:48;0.213
22:32:50;0.508
22:32:52;0.800
22:32:54;0.978
22:32:56;0.973
22:32:58;0.787
22:33:00;0.492
22:33:02;0.200
22:33:04;0.022
22:33:06;0.027
22:33:08;0.213
22:34:11;0.669
22:34:13;0.915
22:34:15;1.000
22:34:17;0.894
22:34:19;0.638
22:34:21;0.329
22:34:23;0.055
22:35:57;0.577
22:35:59;0.411
22:36:01;0.211
22:36:03;0.054
22:36:05;0.000
22:36:07;0.070
22:36:09;0.236
22:36:11;0.436
22:36:13;0.592
22:36:15;0.646
22:36:17;0.570
22:36:19;0.400
22:36:21;0.201
22:36:23;0.048
22:36:25;0.001
22:36:27;0.077
22:36:29;0.247
22:36:31;0.446
22:36:33;0.598
22:37:51;0.460
22:37:53;0.609
22:37:56;0.614
22:37:58;0.475
22:38:00;0.279
22:38:02;0.099
22:38:04;0.005
22:38:06;0.033
22:38:08;0.173
22:38:10;0.268
22:38:14;0.642
22:38:16;0.643
22:38:20;0.378
22:38:22;0.180
22:38:24;0.037
22:38:26;0.003
22:38:28;0.092
22:38:32;0.466
22:38:34;0.610
22:38:45;0.642
22:38:47;0.037
22:38:49;0.180
22:38:51;0.377
22:38:53;0.554
22:38:55;0.643
22:38:57;0.609
22:38:59;0.465
22:39:01;-0.268
22:39:03;-0.091
22:39:05;0.003
22:39:07;0.038
22:39:09;0.181
22:39:11;0.379
22:39:13;0.555
22:39:26;0.614
22:39:28;-0.103
22:39:30;-0.284
22:39:32;-0.480
22:39:34;-0.617
22:39:36;-0.640
22:39:38;-0.542
22:39:40;-0.361
22:39:42;-0.165
22:39:45;-0.086
22:39:48;-0.191
22:40:17;0.603
22:40:19;0.454
22:40:21;0.255
22:40:23;0.082
22:40:25;0.002
22:40:27;0.044
22:40:29;0.193
22:45:04;0.391
22:45:06;0.033
22:45:08;0.171
22:45:10;0.368
22:45:12;0.548
22:45:14;0.642
22:45:16;0.613
22:45:18;0.474
22:45:20;0.277
22:47:54;0.180
22:47:56;0.642
22:47:58;0.549
22:48:00;0.370
22:48:02;0.173
22:48:27;0.039
22:48:29;0.184
22:48:31;0.382
22:48:40;0.133
22:48:43;0.015
22:48:46;0.088
22:49:01;0.387
22:49:03;0.085
22:49:05;0.002
22:49:07;0.043
22:49:09;0.191
22:49:11;0.390
22:49:13;0.563
22:57:30;-0.102
22:57:32;0.087
22:57:34;0.202
22:57:36;0.199
22:57:38;0.079
22:58:05;-0.012
22:58:14;-0.413
22:58:16;0.199
22:58:18;0.079
22:58:20;-0.114
22:58:22;-0.302
22:58:24;-0.416
23:00:50;-0.430
23:00:52;0.091
23:00:54;0.204
23:00:56;0.198
23:02:15;0.075
23:02:17;0.147
23:03:47;0.073
23:03:49;0.239
23:03:51;0.438
23:03:53;0.594
23:03:55;0.646
23:03:57;0.647
23:03:59;0.641
23:04:01;0.640
23:04:03;0.640
23:04:05;0.640
23:04:07;0.640
23:04:09;0.600
23:04:18;0.170
23:04:20;0.170
23:04:22;0.170
23:04:24;0.170
23:04:26;0.170
23:04:28;0.170
23:04:30;0.170
23:04:36;0.170
23:04:37;0.170
23:04:38;0.170
23:04:40;0.170
23:04:54;0.170
23:04:56;0.170
23:04:58;0.170
23:05:00;0.170
23:05:02;0.170
23:09:09;0.170
23:09:11;0.170
23:09:17;0.170
23:09:19;0.170
23:09:21;0.170
23:09:25;0.170
23:09:27;0.170
23:09:29;0.170
23:09:31;0.170
23:09:33;0.170
23:09:35;0.170
23:09:37;0.170
23:09:39;0.170
23:09:41;0.170
23:09:43;0.170
23:09:45;0.170
23:09:47;0.170
23:09:49;0.170
23:09:51;0.170
23:09:53;0.170
23:09:55;0.170
23:09:57;0.170
23:10:05;0.170
23:10:07;0.170
23:10:23;0.170
23:10:25;0.170
23:11:11;0.170
23:11:13;0.170
23:11:15;0.170
23:11:17;0.170
23:11:19;0.170
23:11:21;0.170
23:11:23;0.170
23:11:25;0.170
23:11:27;0.170
23:11:29;0.170
23:11:31;0.170
23:11:33;0.170
23:11:35;0.170
23:11:37;0.170
23:11:39;0.170
23:11:41;0.170
23:11:43;0.170
23:11:45;0.170
23:11:47;0.170
23:11:49;0.170
23:11:51;0.170
23:11:53;0.170
23:11:55;0.170
23:11:57;0.170
23:11:59;0.170
23:12:01;0.170
23:12:03;0.170
23:12:20;0.170
23:12:22;-1.030
23:12:36;-1.030
23:12:39;-1.030
23:12:45;-1.030
23:12:47;-1.030
23:13:58;-1.030
23:14:00;-1.030
23:14:06;-1.040
23:14:18;-1.040
23:14:22;-1.040
23:14:48;
23:14:50;-0.600
23:15:12;-0.600
14:28:11;
14:28:24;-0.388
14:28:26;-0.418
14:28:44;-0.361
14:28:46;-0.417
14:28:48;-0.258
14:28:50;0.026
14:28:52;0.327
14:28:54;0.530
14:28:56;0.557
14:28:58;0.398
14:29:00;0.114
14:29:02;-0.187
14:29:04;-0.390
14:29:06;-0.417
14:29:08;-0.258
14:29:10;0.026
14:29:12;0.327
14:29:14;0.530
14:29:16;0.557
14:29:18;0.398
14:29:20;0.114
14:29:22;-0.187
14:29:24;-0.390
14:29:26;-0.417
14:29:28;-0.258
14:29:30;0.026
14:29:32;0.336
14:29:34;0.534
14:29:36;0.555
14:29:38;0.391
14:29:40;0.104
14:29:42;-0.196
14:29:44;-0.394
14:29:46;-0.415
14:29:49;-0.114
14:29:51;0.194
14:29:53;0.455
14:29:55;0.569
14:29:57;0.492
14:29:59;0.254
14:30:01;-0.054
14:30:03;-0.315
14:30:05;-0.429
14:30:07;-0.352
14:30:09;-0.114
14:30:11;0.194
14:30:13;0.455
14:30:15;0.569
14:30:17;0.492
14:30:19;0.254
14:30:21;-0.054
14:30:23;-0.315
14:30:25;-0.429
14:30:27;-0.352
14:30:29;-0.114
14:30:31;0.194
14:30:33;0.455
14:30:35;0.569
14:30:37;0.492
14:30:39;0.254
14:30:41;-0.054
14:30:43;-0.315
14:30:45;-0.429
14:30:48;-0.249
14:30:50;0.038
14:30:52;0.338
14:30:54;0.535
14:30:56;0.554
14:30:58;-0.536
14:31:00;-0.499
14:31:02;-0.430
14:31:04;-0.435
14:31:06;-0.430
14:31:08;-0.475
14:31:10;-0.545
14:31:12;-0.440
14:31:14;-0.517
14:31:26;-0.523
14:31:28;-0.431
14:31:30;-0.543
14:31:32;-0.613
14:31:34;-0.672
14:31:36;-0.505
14:31:38;-0.630
14:31:40;-0.552
14:31:42;-0.474
14:31:44;-0.431
14:31:46;-0.434
14:31:48;-0.473
14:31:50;-0.524
14:31:52;-0.516
14:31:54;-0.659
14:31:56;-0.466
14:31:58;-0.518
14:32:00;-0.432
14:32:02;-0.442
14:32:04;-0.436
14:32:06;-0.436
14:32:08;-0.438
14:32:10;-0.453
14:32:12;-0.623
14:32:14;-0.464
14:32:16;-0.634
14:32:18;-0.517
14:32:20;-0.437
14:32:22;-0.453
14:32:24;-0.430
14:32:26;-0.434
14:32:28;-0.465
14:32:30;-0.531
14:32:32;-0.596
14:32:34;-0.602
14:32:36;-0.463
14:32:38;-0.630
14:32:40;-0.442
14:32:42;-0.452
14:32:44;-0.434
14:32:46;-0.434
14:32:48;-0.460
14:32:50;-0.546
14:32:52;-0.536
14:32:54;-0.431
14:32:56;-0.461
14:32:58;-0.591
14:33:00;-0.516
14:33:02;-0.479
14:33:04;-0.436
14:33:06;-0.431
14:33:08;-0.457
14:33:10;-0.452
14:33:12;-0.530
14:33:14;-0.567
14:33:16;-0.477
14:33:18;-0.521
14:33:20;-0.528
14:33:22;-0.452
14:33:24;-0.432
14:33:26;-0.431
14:33:28;-0.456
14:33:30;-0.520
14:33:32;-0.451
14:33:34;-0.643
14:33:36;-0.439
14:33:38;-0.482
14:33:40;-0.463
14:33:42;-0.450
14:33:44;-0.433
14:42:43;-0.432
14:42:45;-0.430
14:42:47;-0.438
14:42:49;-0.476
14:42:51;-0.515
14:42:53;-0.462
14:42:55;-0.552
14:42:57;-0.636
14:42:59;-0.475
14:43:01;-0.486
14:43:03;-0.445
14:43:05;-0.430
14:43:07;-0.447
14:43:09;-0.491
14:43:11;-0.560
14:43:13;-0.542
14:43:15;-0.535
14:43:17;-0.647
14:43:19;-0.457
14:43:21;-0.444
14:43:23;-0.442
14:43:25;-0.430
14:43:27;-0.433
14:43:29;-0.431
14:43:31;-0.465
14:43:33;-0.616
14:43:35;-0.460
14:43:37;-0.622
14:43:39;-0.488
14:43:41;-0.526
14:43:43;-0.431
14:43:46;-0.431
14:43:48;-0.460
14:43:50;-0.450
14:43:52;-0.574
14:43:54;-0.514
14:43:56;-0.576
14:43:58;-0.605
14:44:00;-0.440
14:44:02;-0.459
14:44:04;-0.432
14:44:06;-0.435
14:44:08;-0.459
14:44:10;-0.437
14:44:12;-0.582
14:44:14;-0.559
14:44:16;-0.626
14:44:18;-0.454
14:44:20;-0.456
14:44:22;-0.465
14:44:24;-0.431
14:44:26;-0.438
14:44:28;-0.499
14:44:30;-0.503
14:44:32;-0.599
14:44:34;-0.621
14:44:36;-0.590
14:44:39;-0.563
14:44:41;-0.436
14:44:43;-0.443
14:44:45;-0.431
14:44:47;-0.453
14:44:49;-0.435
14:44:51;-0.480
14:44:53;-0.644
14:44:55;-0.431
14:44:57;-0.470
14:44:59;-0.551
14:45:01;-0.458
14:45:03;-0.439
14:45:55;-0.430
14:45:57;0.124
14:45:59;0.049
14:46:01;0.001
14:46:03;0.007
14:46:05;0.001
14:46:07;0.003
14:46:09;0.068
14:46:11;0.143
14:46:13;0.153
14:46:15;0.244
14:46:17;0.188
14:46:19;0.004
14:46:21;0.098
14:46:23;0.034
14:46:25;0.002
14:46:27;0.007
14:46:29;0.044
14:46:31;0.118
14:46:33;0.190
14:46:35;0.162
14:46:37;0.083
14:46:39;0.013
14:46:41;0.038
14:46:43;0.014
14:46:45;0.000
14:46:47;0.003
14:46:49;0.034
14:46:51;0.128
14:46:53;0.070
14:46:55;0.163
14:46:57;0.208
14:46:59;0.160
14:47:01;0.100
14:47:03;0.023
14:47:05;0.001
14:47:07;0.010
14:47:09;0.068
14:47:11;0.049
14:47:13;0.146
14:47:15;0.056
14:47:17;0.056
14:47:19;0.176
14:47:21;0.061
14:47:23;0.032
14:47:25;0.000
14:47:27;0.001
14:47:29;0.035
14:47:31;0.126
14:47:33;0.093
14:47:35;0.229
14:47:37;0.051
14:47:39;0.107
14:47:41;0.044
14:47:43;0.026
14:47:45;0.000
14:47:47;0.000
14:47:49;0.057
14:47:51;0.099
14:47:53;0.028
14:47:55;0.031
14:47:57;0.083
14:47:59;0.138
14:48:01;0.050
14:48:03;0.034
14:48:27;0.005
14:48:29;0.020
14:48:31;0.045
14:48:33;0.026
14:48:36;0.077
14:48:37;0.168
14:48:39;0.069
14:48:41;0.055
14:48:43;0.006
14:48:45;0.000
14:48:47;0.037
14:48:49;0.064
14:48:51;0.079
14:48:53;0.153
14:48:55;0.044
14:48:57;0.084
14:48:59;0.114
14:49:01;0.038
14:49:03;0.004
14:49:05;0.001
14:49:08;0.027
14:49:10;0.017
14:49:13;0.165
14:49:15;0.023
14:49:17;0.213
14:49:19;0.120
14:49:21;0.059
14:49:23;0.010
14:49:26;0.001
14:49:29;0.034
14:49:31;0.047
14:49:33;0.113
14:49:35;0.180
14:49:37;0.194
14:49:39;0.096
14:49:41;0.086
14:49:43;0.012
14:49:45;0.000
14:49:47;0.005
14:49:49;0.044
14:49:51;0.099
14:49:53;0.072
14:49:55;0.077
14:49:57;0.150
14:49:59;0.152
14:50:01;0.031
14:50:03;0.008
14:50:05;0.000
14:50:07;0.013
14:50:09;0.029
14:50:11;0.123
14:50:13;0.192
14:50:15;0.123
14:50:17;0.049
14:50:19;0.033
14:50:21;0.034
14:50:23;0.007
14:50:25;0.000
14:50:27;0.022
14:50:30;0.036
14:50:32;0.018
14:50:34;0.055
14:50:36;0.147
14:50:38;0.013
14:50:40;0.087
14:50:42;0.021
14:50:44;0.000
14:50:46;0.005
14:50:48;0.042
14:50:50;0.018
14:50:52;0.152
14:50:54;0.039
14:50:56;0.131
14:50:58;0.001
14:51:00;0.109
14:51:02;0.029
14:51:04;0.003
14:51:06;0.003
14:51:08;0.037
14:51:10;0.053
14:51:12;0.018
14:51:14;0.096
14:51:16;0.075
14:51:18;0.159
14:51:20;0.018
14:51:22;0.001
14:51:24;0.001
14:51:26;0.000
14:51:28;0.002
14:51:30;0.006
14:51:32;0.008
14:51:35;0.195
14:51:37;0.156
14:51:39;0.158
14:51:41;0.061
14:51:43;0.015
14:51:45;0.000
14:51:47;0.006
14:51:49;0.068
14:51:52;0.025
14:51:54;0.228
14:51:56;0.072
14:51:58;0.030
14:52:00;0.008
14:52:02;0.001
14:52:04;0.002
14:52:06;0.002
14:52:08;0.003
14:52:10;0.031
14:52:12;0.054
14:52:14;0.117
14:52:16;0.073
14:52:18;0.119
14:52:20;0.075
14:52:23;0.019
14:52:26;0.001
14:52:28;0.054
14:52:30;0.094
14:52:32;0.130
14:52:34;0.067
14:52:36;0.035
14:52:38;0.017
14:52:40;0.015
14:52:42;0.025
14:52:44;0.005
14:52:46;0.002
14:52:48;0.006
14:52:50;0.125
14:52:52;0.072
14:52:54;0.176
14:52:56;0.166
14:52:58;0.200
14:53:00;0.050
14:53:02;0.029
14:53:04;0.002
14:53:06;0.008
14:53:08;0.004
14:53:10;0.067
14:53:12;0.001
14:53:14;0.253
14:53:16;0.245
14:53:18;0.074
14:53:20;0.027
14:53:22;0.013
14:53:24;0.001
14:53:26;0.001
14:53:28;0.012
14:53:30;0.080
14:53:32;0.175
14:53:34;0.088
14:53:36;0.004
14:53:38;0.118
14:53:40;0.063
14:53:42;0.006
14:53:44;0.002
14:53:46;0.005
14:53:48;0.043
14:53:50;0.099
14:53:52;0.110
14:53:54;0.144
14:53:56;0.058
14:53:58;0.199
14:54:00;0.057
14:54:02;0.015
14:54:04;0.000
14:54:06;0.006
14:54:08;0.053
14:54:10;0.135
14:54:12;0.114
14:54:15;0.141
14:54:17;0.118
14:54:19;0.140
14:54:21;0.068
14:54:23;0.012
14:54:25;0.000
14:54:27;0.001
14:54:29;0.076
14:54:31;0.011
14:54:33;0.211
14:54:35;0.144
14:54:37;0.053
14:54:39;0.141
14:54:41;0.044
14:54:43;0.007
14:54:45;0.000
14:54:47;0.028
14:54:49;0.034
14:54:51;0.173
14:54:53;0.049
14:54:55;0.214
14:54:57;0.199
14:54:59;0.053
14:55:01;0.072
14:55:03;0.012
14:55:05;0.000
14:55:07;0.014
14:55:09;0.054
14:55:11;0.167
14:55:13;0.172
14:55:15;0.124
14:55:17;0.162
14:55:19;0.149
14:55:21;0.043
14:55:23;0.016
14:55:25;0.000
14:55:27;0.020
14:55:29;0.038
14:55:32;0.006
14:55:34;0.088
14:55:36;0.171
14:55:38;0.038
14:55:40;0.092
14:55:42;0.042
14:55:44;0.003
14:55:46;0.011
14:55:48;0.022
14:55:50;0.014
14:55:52;0.119
14:55:54;0.093
14:55:56;0.091
14:55:58;0.150
14:56:00;0.038
14:56:02;0.034
14:56:04;0.002
14:56:06;0.001
14:56:08;0.016
14:56:10;0.465
14:56:12;0.475
14:56:14;0.676
14:56:16;0.853
14:56:18;0.837
14:56:20;0.462
14:56:22;0.175
14:56:24;0.011
14:56:26;0.051
14:56:28;0.201
14:56:30;0.266
14:56:32;0.553
14:56:34;1.012
14:56:36;0.492
14:56:38;0.136
14:56:41;0.365
14:56:43;0.023
14:56:45;0.001
14:56:47;0.081
14:56:50;0.354
14:56:52;0.537
14:56:54;0.601
14:57:00;0.293
14:57:02;0.110
14:57:04;0.008
14:57:06;0.027
14:57:08;0.159
14:57:12;0.537
14:57:47;0.639
14:57:49;0.259
14:57:51;0.457
14:57:53;0.605
14:57:55;0.644
14:57:57;0.562
14:57:59;0.386
14:58:01;0.188
14:58:03;0.041
14:58:05;0.002
14:58:07;0.086
14:58:09;0.260
14:58:11;0.459
14:58:13;0.605
14:58:15;0.644
14:58:17;0.561
14:58:19;0.386
14:58:21;0.188
14:58:23;0.041
14:58:25;0.002
14:58:27;0.087
14:58:29;0.262
14:58:31;0.460
14:58:33;0.606
14:58:35;0.644
14:58:37;0.559
14:58:39;0.385
14:58:41;0.186
14:58:43;0.040
14:58:45;0.002
14:58:47;0.087
14:58:49;0.262
14:58:51;0.460
14:58:53;0.606
14:58:55;0.644
14:59:06;-0.031
14:59:08;-0.168
14:59:10;-0.365
14:59:12;-0.545
14:59:14;-0.641
14:59:16;-0.615
14:59:18;-0.478
14:59:20;-0.282
14:59:22;-0.101
14:59:24;-0.006
14:59:26;-0.031
14:59:28;-0.168
14:59:30;0.365
14:59:33;0.608
14:59:35;-0.644
14:59:37;-0.557
14:59:55;-0.638
14:59:57;-0.534
14:59:59;-0.350
15:00:01;-0.156
15:00:03;-0.025
15:00:05;-0.009
15:00:07;-0.112
15:00:09;-0.296
15:00:11;-0.491
15:00:13;-0.621
15:00:42;-0.638
15:00:44;-0.005
15:00:46;-0.002
15:00:48;-0.022
15:00:50;-0.059
15:00:52;-0.098
15:00:54;-0.124
15:00:56;-0.128
15:00:58;-0.107
15:01:01;-0.050
15:01:03;-0.015
15:01:05;0.000
15:01:07;-0.010
15:01:09;-0.040
15:01:11;-0.080
15:01:13;-0.114
15:01:15;-0.129
15:01:17;-0.120
15:01:19;-0.089
15:01:21;-0.050
15:01:23;-0.015
15:01:25;0.000
15:01:27;-0.010
15:01:29;-0.040
15:01:31;-0.080
15:01:33;-0.114
15:01:35;-0.129
15:01:37;-0.120
15:01:39;-0.085
15:01:41;-0.017
15:01:43;-0.005
15:01:45;0.000
15:01:47;-0.012
15:01:49;-0.042
15:01:51;-0.116
15:01:54;-0.242
15:01:56;-0.106
15:01:58;-0.019
15:02:00;-0.063
15:02:02;-0.023
15:02:04;-0.005
15:02:07;-0.001
15:02:09;0.032
15:02:11;-0.039
15:02:13;-0.139
15:02:15;-0.001
15:02:17;-0.020
15:02:19;-0.001
15:02:21;-0.066
15:02:23;-0.003
15:02:25;0.000
15:02:27;-0.017
15:02:29;-0.059
15:02:31;-0.116
15:02:33;-0.209
15:02:35;-0.123
15:02:37;-0.005
15:02:39;-0.177
15:02:41;-0.034
15:02:43;-0.020
15:02:45;0.000
15:02:47;-0.002
15:02:49;-0.034
15:02:51;-0.075
15:02:53;-0.208
15:02:55;-0.153
15:02:57;-0.067
15:02:59;-0.039
15:03:01;-0.091
15:03:03;-0.011
15:03:05;0.000
15:03:07;-0.019
15:03:09;-0.056
15:03:11;-0.121
15:03:13;-0.152
15:03:15;-0.149
15:03:17;-0.049
15:03:19;-0.024
15:03:21;-0.018
15:03:23;-0.025
15:03:25;0.000
15:03:27;-0.016
15:03:29;-0.067
15:03:31;-0.147
15:03:33;-0.198
15:03:35;-0.015
15:03:37;-0.170
15:03:39;-0.069
15:03:41;-0.008
15:03:43;-0.023
15:03:46;-0.002
15:03:48;-0.040
15:03:50;-0.110
15:03:52;-0.195
15:03:54;-0.197
15:03:56;-0.228
15:03:58;-0.063
15:04:00;-0.095
15:04:02;-0.044
15:04:04;-0.001
15:04:06;-0.002
15:04:08;-0.009
15:04:10;-0.115
15:04:12;-0.042
15:04:14;-0.085
15:04:16;-0.192
15:04:18;-0.103
15:04:20;-0.002
15:04:22;-0.044
15:04:24;-0.004
15:04:26;-0.002
15:04:28;-0.022
15:04:30;-0.044
15:04:32;-0.126
15:04:34;-0.056
15:04:36;-0.236
15:04:38;-0.150
15:04:40;-0.113
15:04:42;-0.023
15:04:44;-0.001
15:04:46;-0.003
15:04:48;-0.028
15:04:50;-0.001
15:04:52;-0.152
15:04:54;-0.196
15:04:56;-0.016
15:04:58;-0.157
15:05:00;-0.030
15:05:02;-0.007
15:05:04;-0.002
15:05:06;-0.002
15:05:08;-0.018
15:05:10;-0.105
15:05:12;-0.178
15:05:14;-0.048
15:05:16;-0.044
15:05:18;-0.096
15:05:20;-0.102
15:05:22;-0.025
15:05:24;-0.002
15:05:26;0.000
15:05:28;-0.017
15:05:30;-0.019
15:05:32;-0.102
15:05:34;-0.021
15:05:36;-0.069
15:05:38;-0.084
15:05:40;-0.112
15:07:35;-0.079
15:07:37;-0.199
15:07:39;-0.015
15:07:41;-0.054
15:07:43;-0.001
15:07:45;-0.002
15:07:47;-0.035
15:07:49;-0.070
15:07:51;-0.181
15:07:53;-0.086
15:07:55;-0.215
15:07:57;-0.037
15:07:59;-0.110
15:08:01;-0.038
15:08:03;-0.007
15:08:05;-0.004
15:08:07;-0.024
15:08:09;-0.042
15:08:11;-0.104
15:08:13;-0.065
15:08:15;-0.231
15:08:17;-0.050
15:08:19;-0.114
15:08:21;-0.011
15:08:23;-0.003
15:08:25;-0.004
15:08:27;-0.043
15:08:29;-0.090
15:08:31;-0.114
15:08:33;-0.158
15:08:35;-0.101
15:08:37;-0.075
15:08:39;-0.127
15:08:41;-0.040
15:08:43;-0.001
15:08:45;-0.004
15:08:47;-0.014
15:08:49;-0.022
15:08:51;-0.153
15:08:53;-0.137
15:08:55;-0.068
15:08:58;-0.155
15:09:00;-0.082
15:09:02;-0.012
15:09:04;0.000
15:09:06;-0.014
15:09:08;-0.069
15:09:10;-0.159
15:09:12;-0.079
15:09:14;-0.156
15:09:16;-0.200
15:09:18;-0.032
15:09:20;-0.002
15:09:22;-0.010
15:09:24;0.000
15:09:27;-0.018
15:09:29;-0.036
15:09:31;-0.053
15:09:49;0.000
15:09:51;-0.016
15:09:53;-0.013
15:09:55;-0.120
15:09:57;-0.140
15:09:59;-0.053
15:10:02;-0.039
15:10:04;-0.006
15:10:06;-0.002
15:10:08;-0.036
15:10:10;-0.039
15:10:13;-0.022
15:10:15;-0.014
15:10:17;-0.054
15:10:19;-0.048
15:10:21;-0.010
15:10:23;-0.025
15:10:25;0.000
15:10:27;-0.019
15:10:29;-0.032
15:10:31;-0.022
15:10:33;-0.036
15:10:35;-0.179
15:10:37;-0.070
15:10:39;-0.049
15:10:41;-0.087
15:10:43;-0.018
15:10:45;0.000
15:10:47;-0.006
15:10:49;-0.062
15:10:51;-0.076
15:10:53;-0.186
15:10:55;-0.171
15:10:57;-0.172
15:10:59;-0.044
15:11:01;-0.056
15:11:03;-0.006
15:11:05;0.000
15:11:07;-0.018
15:11:09;-0.049
15:11:11;-0.126
15:11:13;-0.010
15:11:15;-0.203
15:14:14;-0.167
15:14:16;-0.215
15:14:18;-0.122
15:14:20;-0.107
15:14:22;-0.042
15:15:43;-0.001
15:15:45;-0.129
15:15:47;-0.129
15:15:49;-0.129
15:15:51;-0.129
15:15:53;-0.129
15:15:55;-0.129
15:15:57;-0.129
15:15:59;-0.129
15:16:01;-0.129
15:16:03;-0.129
15:16:05;-0.129
15:16:07;-0.129
15:16:09;-0.129
15:16:11;-0.129
15:16:13;-0.129
15:16:15;-0.129
15:16:17;-0.129
15:16:19;-0.129
15:16:21;-0.129
15:16:23;-0.129
15:16:25;-0.129
15:16:27;-0.129
15:16:29;-0.129
15:16:31;-0.129
15:16:33;-0.129
15:16:35;-0.129
15:16:37;-0.129
15:16:39;-0.129
15:16:41;-0.129
15:16:43;-0.129
15:16:45;-0.129
15:16:47;-0.129
15:16:49;-0.129
15:16:51;-0.129
15:16:53;-0.129
15:16:55;-0.129
15:16:57;-0.129
15:16:59;-0.129
15:17:01;-0.129
15:17:03;-0.129
15:17:05;-0.129
15:17:07;-0.129
15:17:09;-0.129
15:17:11;-0.129
15:17:13;-0.129
15:17:15;-0.129
15:17:17;-0.129
15:17:19;-0.129
15:17:21;-0.129
15:17:23;-0.129
15:17:25;-0.129
15:17:27;-0.129
15:17:29;-0.129
15:17:31;-0.129
15:17:33;-0.129
15:17:35;-0.129
15:17:37;-0.129
15:17:39;-0.129
15:17:41;-0.129
15:17:43;-0.129
15:17:45;-0.129
15:17:47;-0.129
15:17:49;-0.129
15:17:51;-0.129
15:17:53;-0.129
15:17:55;-0.129
15:17:57;-0.129
15:17:59;-0.129
15:18:01;-0.129
15:18:04;-0.129
15:18:06;-0.129
15:18:08;-0.129
15:18:10;-0.129
15:18:12;-0.129
15:18:14;-0.129
15:18:16;-0.129
15:18:18;-0.129
15:18:21;-0.129
15:18:23;-0.129
15:18:25;-0.129
15:18:27;-0.129
15:18:29;-0.129
15:18:31;-0.129
15:18:33;-0.129
15:18:35;-0.129
15:18:37;-0.129
15:18:39;-0.129
15:18:41;-0.129
15:18:43;-0.129
15:18:45;-0.129
15:18:47;-0.129
15:18:49;-0.129
15:18:51;-0.129
15:18:53;-0.129
15:18:55;-0.129
15:18:57;-0.129
15:18:59;-0.129
15:19:01;-0.129
15:19:03;-0.129
15:19:05;-0.129
15:19:07;-0.129
15:19:09;-0.129
15:19:11;-0.129
15:19:13;-0.129
15:19:15;-0.129
15:19:17;-0.129
15:19:19;-0.129
15:19:21;-0.129
15:19:23;-0.129
15:19:25;-0.129
15:20:16;-0.129
15:20:18;-0.129
15:20:20;-0.129
15:20:22;-0.129
15:20:25;-0.129
15:20:27;-0.129
15:20:29;-0.129
15:20:31;-0.129
15:20:33;-0.129
15:20:35;-0.129
15:20:37;-0.129
15:20:39;-0.129
15:20:41;-0.129
15:20:43;-0.129
15:20:45;-0.129
15:20:47;-0.129
15:20:49;-0.129
15:20:51;-0.129
15:20:53;-0.129
15:20:55;-0.129
15:20:57;-0.129
15:20:59;-0.129
15:21:01;-0.129
15:21:03;-0.129
15:21:05;-0.129
15:21:07;-0.129
15:21:09;-0.129
15:21:11;-0.129
15:21:13;-0.129
15:21:15;-0.129
15:21:17;-0.129
15:21:19;-0.129
15:21:21;-0.129
15:21:23;-0.129
15:21:25;-0.129
15:21:27;-0.129
15:21:29;-0.129
15:21:31;-0.129
15:21:33;-0.129
15:21:35;-0.129
15:21:37;-0.129
15:21:39;-0.129
15:21:41;-0.129
15:21:43;-0.129
15:21:45;-0.129
15:21:47;-0.129
15:21:49;-0.129
15:21:51;-0.129
15:21:53;-0.129
15:21:55;-0.129
15:21:57;-0.129
15:21:59;-0.129
15:22:01;-0.129
15:22:03;-0.129
15:22:05;-0.129
15:22:07;-0.129
15:22:09;-0.129
15:22:11;-0.129
15:22:13;-0.129
15:22:15;-0.129
15:22:17;-0.129
15:22:19;-0.129
15:22:21;-0.129
15:22:23;-0.129
15:22:25;-0.129
15:22:27;-0.129
15:22:29;-0.129
15:22:31;-0.129
15:22:33;-0.129
15:22:35;-0.129
15:22:37;-0.129
15:22:39;-0.129
15:22:41;-0.129
15:22:43;-0.129
15:22:45;-0.129
15:22:47;-0.129
15:22:49;-0.129
15:22:51;-0.129
15:22:53;-0.129
15:22:55;-0.129
15:22:57;-0.129
15:22:59;-0.129
15:23:01;-0.129
15:23:03;-0.129
15:23:05;-0.129
15:23:07;-0.129
15:23:09;-0.129
15:23:11;-0.129
15:23:13;-0.129
15:23:15;-0.129
15:23:17;-0.129
15:23:19;-0.129
15:23:21;-0.129
15:23:23;-0.129
15:23:25;-0.129
15:23:27;-0.129
15:23:29;-0.129
15:23:31;-0.129
15:23:33;-0.129
15:23:35;-0.129
15:23:37;-0.129
15:23:39;-0.129
15:23:41;-0.129
15:23:43;-0.129
15:23:45;-0.129
15:23:47;-0.129
15:23:49;-0.129
15:23:51;-0.129
15:23:53;-0.129
15:23:55;-0.129
15:23:57;-0.129
15:23:59;-0.129
15:24:01;-0.129
15:24:03;-0.129
15:24:06;-0.129
15:24:08;-0.129
15:24:10;-0.129
15:24:12;-0.129
15:24:14;-0.129
15:24:16;-0.129
15:24:18;-0.129
15:24:20;-0.129
15:24:22;-0.129
15:24:24;-0.129
15:24:26;-0.129
15:24:28;-0.129
15:24:30;-0.129
15:24:32;-0.129
15:24:34;-0.129
15:24:36;-0.129
15:24:38;-0.129
15:24:40;-0.129
15:24:42;-0.129
15:24:44;-0.129
15:24:46;-0.129
15:24:48;-0.129
15:24:50;-0.129
15:24:52;-0.129
15:24:54;-0.129
15:24:56;-0.129
15:24:58;-0.129
15:25:00;-0.129
15:25:02;-0.129
15:25:04;-0.129
15:25:06;-0.129
15:25:08;-0.129
15:25:10;-0.129
15:25:12;-0.129
15:25:14;-0.129
15:25:16;-0.129
15:25:18;-0.129
15:25:20;-0.129
15:25:22;-0.129
15:25:24;-0.129
15:25:26;-0.129
15:25:28;-0.129
15:25:30;-0.129
15:25:32;-0.129
15:25:34;-0.129
15:25:36;-0.129
15:25:38;-0.129
15:25:40;-0.129
15:25:42;-0.129
15:25:44;-0.129
15:25:46;-0.129
15:25:48;-0.129
15:25:50;-0.129
15:25:52;-0.129
15:25:54;-0.129
15:25:56;-0.129
15:25:58;-0.129
15:26:00;-0.129
15:26:02;-0.129
15:26:04;-0.129
15:26:06;-0.129
15:26:08;-0.129
15:26:10;-0.129
15:26:12;-0.129
15:26:14;-0.129
15:26:16;-0.129
15:26:18;-0.129
15:26:20;-0.129
15:26:22;-0.129
15:26:24;-0.129
15:26:26;-0.129
15:26:28;-0.129
15:26:30;-0.129
15:26:32;-0.129
15:26:34;-0.129
15:26:36;-0.129
15:26:38;-0.129
15:26:40;-0.129
15:26:42;-0.129
15:26:44;-0.129
15:26:46;-0.129
15:26:48;-0.129
15:26:50;-0.129
15:26:52;-0.129
15:26:54;-0.129
15:26:56;-0.129
15:26:58;-0.129
15:27:00;-0.129
15:27:02;-0.129
15:27:04;-0.129
15:27:06;-0.129
15:27:08;-0.129
15:27:10;-0.129
15:27:12;-0.129
15:27:14;-0.129
15:27:16;-0.129
15:27:18;-0.129
15:27:20;-0.129
15:27:22;-0.129
15:27:24;-0.129
15:27:26;-0.129
15:27:28;-0.129
15:27:30;-0.129
15:27:32;-0.129
15:27:35;-0.129
15:27:37;-0.129
15:27:39;-0.129
15:27:41;-0.129
15:27:43;-0.129
15:27:45;-0.129
15:27:47;-0.129
15:27:49;-0.129
15:27:51;-0.129
15:27:53;-0.129
15:27:55;-0.129
15:27:57;-0.129
15:27:59;-0.129
15:28:01;-0.129
15:28:03;-0.129
15:28:06;-0.129
15:28:08;-0.129
15:28:11;-0.129
15:28:13;-0.129
15:28:15;-0.129
15:28:17;-0.129
15:28:19;-0.129
15:28:21;-0.129
15:28:23;-0.129
15:28:25;-0.129
15:28:27;-0.129
15:28:29;-0.129
15:28:31;-0.129
15:28:33;-0.129
15:28:35;-0.129
15:28:37;-0.129
15:28:39;-0.129
15:28:41;-0.129
15:28:43;-0.129
15:28:45;-0.129
15:28:47;-0.129
15:28:49;-0.129
15:28:51;-0.129
15:28:53;-0.129
15:28:55;-0.129
15:28:57;-0.129
15:28:59;-0.129
15:29:01;-0.129
15:29:03;-0.129
15:29:05;-0.129
15:29:07;-0.129
15:29:09;-0.129
15:29:11;-0.129
15:29:13;-0.129
15:29:15;-0.129
15:29:17;-0.129
15:29:19;-0.129
15:29:21;-0.129
15:29:23;-0.129
15:29:25;-0.129
15:29:27;-0.129
15:29:29;-0.129
15:29:31;-0.129
15:29:33;-0.129
15:29:35;-0.129
15:29:37;-0.129
15:29:39;-0.129
15:29:41;-0.129
15:29:44;-0.129
15:29:46;-0.129
15:29:48;-0.129
15:29:50;-0.129
15:29:52;-0.129
15:29:54;-0.129
15:29:56;-0.129
15:29:58;-0.129
15:30:00;-0.129
15:30:02;-0.129
15:30:04;-0.129
15:30:06;-0.129
15:30:09;-0.129
15:30:11;-0.129
15:30:13;-0.129
15:30:15;-0.129
15:30:17;-0.129
15:30:19;-0.129
15:30:21;-0.129
15:30:23;-0.129
15:30:26;-0.129
15:30:28;-0.129
15:30:30;-0.129
15:30:32;-0.129
15:30:34;-0.129
15:30:36;-0.129
15:30:38;-0.129
15:30:40;-0.129
15:30:42;-0.129
15:30:44;-0.129
15:30:46;-0.129
15:30:48;-0.129
15:30:50;-0.129
15:30:52;-0.129
15:30:54;-0.129
15:30:56;-0.129
15:30:58;-0.129
15:31:00;-0.129
15:31:02;-0.129
15:31:04;-0.129
15:31:45;-0.129
15:31:47;-0.129
15:31:49;-0.129
15:31:51;-0.129
15:31:53;-0.129
15:31:55;-0.129
15:31:57;-0.129
15:31:59;-0.129
15:32:15;-0.129
15:32:17;-0.129
15:32:19;-0.129
15:32:21;-0.129
15:32:23;-0.129
15:32:25;-0.129
15:32:27;-0.129
15:32:29;-0.129
15:32:32;-0.129
15:32:34;-0.129
15:32:36;-0.129
15:32:38;-0.129
15:32:40;-0.129
15:32:42;-0.129
15:32:44;-0.129
15:32:57;-0.129
15:32:59;-0.129
15:33:01;-0.129
15:33:03;-0.129
15:33:14;-0.129
15:33:16;-0.129
15:33:18;-0.129
15:33:20;-0.129
15:33:22;-0.129
15:34:19;-0.129
15:34:21;-0.129
15:34:23;-0.129
15:34:36;-0.129
15:34:38;-0.129
15:34:40;-0.129
15:34:42;-0.129
15:34:44;-0.129
15:34:46;-0.129
15:34:48;-0.129
15:34:50;-0.129
15:34:52;-0.129
15:34:54;-0.129
15:34:56;-0.129
15:34:58;-0.129
15:35:00;-0.129
15:35:02;-0.129
15:35:04;0.129
15:35:06;0.129
15:35:08;0.129
15:35:10;0.129
15:35:12;0.129
15:35:14;0.129
15:35:16;0.129
15:35:18;0.129
15:35:20;0.129
15:35:22;0.129
15:35:24;0.129
15:35:26;0.129
15:35:28;0.129
15:35:30;0.129
15:35:32;0.129
15:35:34;0.129
15:35:36;0.129
15:35:38;0.129
15:35:40;0.129
15:35:42;0.129
15:35:44;0.129
15:35:46;0.129
15:35:48;0.129
15:35:50;0.129
15:35:52;0.129
15:35:54;0.129
15:35:56;0.129
15:35:58;0.129
15:36:00;0.129
15:36:02;0.129
15:36:04;0.129
15:36:06;0.129
15:36:08;0.129
15:36:10;0.129
15:36:12;0.129
15:36:14;0.129
15:36:16;0.129
15:36:18;0.129
15:36:20;0.129
15:36:22;0.129
15:36:24;0.129
15:36:26;0.129
15:36:28;0.129
15:36:30;0.129
15:36:32;0.129
15:36:34;0.129
15:36:36;0.129
15:36:38;0.129
15:36:40;0.129
15:36:42;0.129
15:36:44;0.129
15:36:46;0.129
15:36:48;0.129
15:36:50;0.129
15:36:52;0.129
15:36:54;0.129
15:36:56;0.129
15:36:58;0.129
15:37:00;0.085
15:37:02;0.025
15:37:04;0.001
15:37:06;0.000
15:37:08;0.023
15:37:10;0.020
15:37:12;0.012
15:37:14;0.182
15:37:16;0.023
15:37:18;0.158
15:37:20;0.021
15:37:22;0.004
15:37:24;0.000
15:37:27;0.023
15:37:29;0.005
15:37:31;0.072
15:37:33;0.085
15:37:36;0.064
15:37:38;0.069
15:37:40;0.072
15:37:42;0.026
15:37:44;0.001
15:37:46;0.010
15:37:48;0.031
15:37:50;0.025
15:37:52;0.026
15:37:54;0.160
15:37:56;0.069
15:37:58;0.130
15:38:00;0.006
15:38:02;-0.026
15:38:04;-0.001
15:38:06;-0.010
15:38:08;-0.051
15:38:10;-0.071
15:38:12;-0.105
15:38:14;-0.048
15:38:16;-0.198
15:38:18;-0.092
15:38:20;-0.010
15:38:22;-0.034
15:38:24;0.001
15:38:26;0.009
15:38:28;0.061
15:38:31;0.179
15:38:33;0.203
15:38:35;0.255
15:38:37;0.195
15:38:39;0.046
13:57:48;0.167
13:57:51;0.408
13:57:54;0.713
13:57:56;0.775
13:57:58;0.682
13:58:00;0.475
13:58:02;0.237
13:58:04;0.055
13:58:06;0.002
13:58:08;0.096
13:58:10;0.306
13:58:12;0.544
13:58:14;0.723
13:58:16;0.774
13:58:18;0.677
13:58:20;0.470
13:58:22;0.232
13:58:24;0.053
13:58:26;0.002
13:58:28;0.105
13:58:30;0.315
13:58:32;0.553
13:58:34;0.728
13:58:36;0.773
13:58:38;0.670
13:58:40;0.459
13:58:42;0.221
13:58:44;0.047
13:58:46;0.003
13:58:48;0.108
13:58:50;0.319
13:58:52;0.556
13:58:54;0.732
13:58:56;0.772
13:58:58;0.664
13:59:00;0.452
13:59:02;0.214
13:59:04;0.044
13:59:06;0.004
13:59:09;0.209
13:59:12;0.570
13:59:14;0.737
13:59:17;0.724
13:59:19;0.546
13:59:21;0.308
13:59:23;0.100
13:59:25;0.002
13:59:28;0.128
13:59:30;0.347
13:59:32;0.582
13:59:34;0.742
13:59:36;0.767
13:59:38;0.648
13:59:40;0.429
13:59:42;0.194
13:59:45;0.002
13:59:47;0.052
13:59:49;0.230
13:59:51;0.470
13:59:53;0.677
13:59:55;0.774
13:59:57;0.723
13:59:59;0.544
14:00:01;0.306
14:00:03;0.099
14:00:06;0.009
14:00:08;0.129
14:00:10;0.349
14:00:12;0.583
14:00:14;0.743
14:00:16;0.767
14:00:18;0.646
14:00:20;0.427
14:00:22;0.193
14:00:24;0.033
14:00:26;0.009
14:00:28;0.129
14:00:30;0.349
14:00:32;0.583
14:00:34;0.743
14:00:36;0.767
14:00:38;0.646
14:00:40;0.427
14:00:42;0.193
14:00:44;0.033
14:00:46;0.009
14:00:48;0.129
14:00:50;0.349
14:00:53;0.677
14:00:55;0.774
14:00:57;0.723
14:00:59;0.544
14:01:01;0.306
14:01:03;0.099
14:01:05;0.002
14:01:07;0.053
14:01:09;0.232
14:01:11;0.470
14:01:13;0.677
14:01:15;0.774
14:01:17;0.723
14:01:19;0.544
14:01:21;0.306
14:01:23;0.099
14:01:25;0.002
14:01:27;0.053
14:01:29;0.232
14:01:31;0.470
14:01:33;0.677
14:01:35;0.774
14:01:37;0.723
14:01:39;0.544
14:01:41;0.306
14:01:43;0.099
14:01:45;0.002
14:01:47;0.053
14:01:49;0.232
14:01:51;0.470
14:01:53;0.677
14:01:55;0.774
14:01:57;0.723
14:01:59;0.544
14:02:01;0.306
14:02:03;0.099
14:02:05;0.002
14:02:07;0.053
14:02:09;0.232
14:02:12;0.583
14:02:14;0.743
14:02:16;0.767
14:02:18;0.646
14:02:20;0.427
14:02:22;0.191
14:02:24;0.032
14:02:26;0.009
14:02:28;0.131
14:02:30;0.351
14:02:32;0.585
14:02:34;0.744
14:02:36;0.767
14:02:38;0.645
14:02:40;0.425
14:02:42;0.191
14:02:44;0.032
14:02:46;0.009
14:02:48;0.131
14:02:50;0.351
14:02:52;0.585
14:02:54;0.744
14:02:56;0.767
14:02:58;0.645
14:03:00;0.425
14:03:02;0.191
14:03:04;0.032
14:03:06;0.009
14:03:08;0.131
14:03:10;0.351
14:03:12;0.585
14:03:14;0.744
14:03:16;0.767
14:03:18;0.645
14:03:20;0.425
14:03:22;0.191
14:03:24;0.032
14:03:26;0.009
14:03:28;0.134
14:03:30;0.355
14:03:32;0.588
14:03:34;0.745
14:03:36;0.766
14:03:38;0.642
14:03:40;0.421
14:03:42;0.188
14:03:44;0.030
14:03:46;0.010
14:03:48;0.135
14:03:50;0.356
14:03:52;0.590
14:03:54;0.746
14:03:56;0.765
14:03:58;0.641
14:04:00;0.419
14:04:02;0.186
14:04:04;0.030
14:04:06;0.010
14:04:08;0.135
14:04:10;0.356
14:04:12;0.590
14:04:14;0.746
14:04:16;0.765
14:04:18;0.641
14:04:20;0.419
14:04:22;0.186
14:04:24;0.030
14:04:26;0.010
14:04:28;0.135
14:04:30;0.356
14:04:32;0.590
14:04:34;0.746
14:04:36;0.765
14:04:38;0.641
14:04:40;0.419
14:04:42;0.186
14:04:44;0.030
14:04:46;0.010
14:04:48;0.135
14:04:50;0.356
14:04:52;0.590
14:04:54;0.746
14:04:56;0.765
14:04:58;0.641
14:05:00;0.419
14:05:02;0.186
14:05:04;0.030
14:05:06;0.010
14:05:08;0.135
14:05:10;0.356
14:05:12;0.590
14:05:14;0.746
14:05:16;0.765
14:05:18;0.641
14:05:20;0.419
14:05:22;0.186
14:05:24;0.030
14:05:26;0.010
14:05:28;0.135
14:05:30;0.356
14:05:32;0.590
14:05:34;0.746
14:05:36;0.765
14:05:38;0.641
14:05:40;0.419
14:05:42;0.186
14:05:44;0.030
14:05:46;0.010
14:05:48;0.135
14:05:50;0.356
14:05:52;0.590
14:05:54;0.746
14:05:56;0.765
14:05:58;0.641
14:06:00;0.419
14:06:02;0.186
14:06:04;0.030
14:06:06;0.010
14:06:08;0.135
14:06:10;0.356
14:06:12;0.590
14:06:14;0.746
14:06:16;0.765
14:06:18;0.641
14:06:20;0.419
14:06:22;0.186
14:06:24;0.030
14:06:26;0.010
14:06:28;0.135
14:06:30;0.356
14:06:32;0.590
14:06:34;0.746
14:06:36;0.765
14:06:38;0.641
14:06:40;0.419
14:06:42;0.186
14:06:44;0.030
14:06:46;0.010
14:06:48;0.135
14:06:50;0.356
14:06:52;0.590
14:06:54;0.746
14:06:56;0.765
14:06:58;0.641
14:07:00;0.419
14:07:02;0.186
14:07:04;0.030
14:07:06;0.010
14:07:08;0.135
14:07:10;0.356
14:07:12;0.590
14:07:14;0.746
14:07:16;0.765
14:07:18;0.641
14:07:20;0.419
14:07:22;0.186
14:07:24;0.030
14:07:27;0.057
14:07:30;0.356
14:07:32;0.590
14:07:34;0.746
14:07:36;0.765
14:07:38;0.641
14:07:40;0.419
14:07:42;0.186
14:07:44;0.030
14:07:46;0.010
14:07:48;0.137
14:07:50;0.358
14:07:52;0.591
14:07:54;0.747
14:07:56;0.765
14:07:58;0.639
14:08:00;0.418
14:08:02;0.185
14:08:04;0.028
14:08:06;0.011
14:08:08;0.138
14:08:10;0.360
14:08:12;0.593
14:08:14;0.747
14:08:16;0.764
14:08:18;0.638
14:08:20;0.416
14:08:22;0.183
14:08:24;0.028
14:08:26;0.011
14:08:28;0.141
14:08:30;0.364
14:08:32;0.596
14:08:34;0.749
14:08:36;0.764
14:08:38;0.635
14:08:40;0.412
14:08:42;0.180
14:08:44;0.027
14:08:46;0.012
14:08:48;0.141
14:08:50;0.364
14:08:52;0.596
14:08:54;0.749
14:08:56;0.764
14:08:58;0.635
14:09:00;0.412
14:09:02;0.180
14:09:04;0.027
14:09:06;0.012
14:09:08;0.141
14:09:10;0.364
14:09:12;0.596
14:09:14;0.749
14:09:16;0.764
14:09:18;0.635
14:09:20;0.412
14:09:22;0.180
14:09:24;0.027
14:09:26;0.012
14:09:28;0.141
14:09:30;0.364
14:09:32;0.596
14:09:34;0.749
14:09:36;0.764
14:09:38;0.635
14:09:40;0.412
14:09:42;0.180
14:09:44;0.027
14:09:46;0.012
14:09:48;0.141
14:09:50;0.364
14:09:52;0.596
14:09:54;0.749
14:09:56;0.764
14:09:59;0.530
14:10:01;0.291
14:10:03;0.089
14:10:05;0.001
14:10:07;0.061
14:10:10;0.364
14:10:12;0.596
14:10:14;0.749
14:10:16;0.764
14:10:18;0.635
14:10:20;0.412
14:10:22;0.180
14:10:24;0.026
14:10:26;0.013
14:10:28;0.142
14:10:30;0.366
14:10:32;0.598
14:10:34;0.749
14:10:36;0.763
14:10:38;0.633
14:10:40;0.410
14:10:42;0.178
14:10:44;0.026
14:10:46;0.013
14:10:48;0.142
14:10:50;0.366
14:10:52;0.598
14:10:54;0.749
14:10:56;0.763
14:10:58;0.633
14:11:00;0.410
14:11:02;0.178
14:11:04;0.026
14:11:06;0.013
14:11:08;0.142
14:11:10;0.366
14:11:12;0.598
14:11:14;0.749
14:11:16;0.763
14:11:18;0.633
14:11:20;0.410
14:11:22;0.178
14:11:24;0.026
14:11:26;0.013
14:11:28;0.142
14:11:30;0.366
14:11:32;0.598
14:11:34;0.749
14:11:36;0.763
14:11:38;0.633
14:11:40;0.410
14:11:42;0.178
14:11:44;0.026
14:11:46;0.013
14:11:48;0.142
14:11:50;0.366
14:11:52;0.598
14:11:54;0.749
14:11:56;0.763
14:11:58;0.633
14:12:00;0.410
14:12:02;0.178
14:12:04;0.026
14:12:06;0.013
14:12:08;0.142
14:12:10;0.366
14:12:12;0.598
14:12:14;0.749
14:12:16;0.763
14:12:18;0.633
14:12:20;0.410
14:12:22;0.178
14:12:24;0.026
14:12:26;0.013
14:12:28;0.142
14:12:30;0.366
14:12:32;0.598
14:12:34;0.749
14:12:36;0.763
14:12:38;0.633
14:12:40;0.410
14:12:42;0.178
14:12:44;0.026
14:12:46;0.013
14:12:48;0.142
14:12:50;0.368
14:12:52;0.599
14:12:54;0.750
14:12:56;0.763
14:12:58;0.632
14:13:00;0.408
14:13:02;0.176
14:13:04;0.026
14:13:06;0.014
14:13:08;0.145
14:13:10;0.370
14:13:12;0.601
14:15:49;0.278
14:15:51;0.530
14:15:53;0.715
14:15:55;1.158
14:15:58;0.827
14:16:00;0.013
14:16:02;0.127
14:16:04;0.020
14:16:06;0.039
14:16:08;0.130
14:16:10;0.219
14:16:12;0.881
14:16:14;0.037
14:16:16;0.205
14:16:18;0.301
14:16:20;0.077
14:16:22;0.131
14:16:41;0.008
14:17:08;0.110
14:17:10;0.865
14:17:12;0.052
14:17:14;0.481
14:17:16;0.926
14:17:18;1.117
14:17:20;0.471
14:17:22;0.119
14:17:24;0.001
14:17:27;0.122
14:17:29;0.032
14:17:31;0.690
14:17:33;0.933
14:17:35;1.158
14:17:37;1.171
14:17:39;0.314
14:17:41;0.074
14:17:43;0.013
14:17:45;0.001
14:17:47;0.008
14:17:49;0.215
14:17:52;1.116
14:17:54;1.084
14:17:56;1.460
14:17:58;1.047
14:18:00;0.213
14:18:02;0.095
14:18:04;0.002
14:18:06;0.031
14:18:08;0.315
14:18:10;0.642
14:18:12;1.252
14:18:14;1.328
14:18:16;0.268
14:18:18;0.850
14:18:21;0.411
14:18:23;0.039
14:18:25;0.005
14:18:27;0.032
14:18:29;0.051
14:18:31;0.235
14:18:33;0.040
14:18:35;1.355
14:18:37;0.530
14:18:39;0.138
14:18:41;0.043
14:18:43;0.051
14:18:45;0.002
14:18:57;0.718
14:18:59;0.094
14:19:01;0.144
14:19:03;0.047
14:19:05;0.002
14:19:07;0.198
14:19:09;0.507
14:19:11;0.171
14:19:13;0.555
14:19:15;1.467
14:19:17;0.619
14:19:19;0.622
14:19:21;0.149
14:19:23;0.082
14:19:25;0.008
14:19:27;0.199
14:19:29;0.361
14:19:31;0.861
14:19:33;1.258
14:19:35;0.718
14:19:37;0.932
14:19:39;0.073
14:19:41;0.416
14:19:43;0.042
14:19:45;0.002
14:19:47;0.211
14:19:49;0.156
14:19:51;0.913
14:19:53;0.229
14:19:55;0.937
14:19:57;0.131
14:19:59;0.842
14:20:01;0.208
14:20:03;0.053
14:20:05;0.003
14:20:07;0.114
14:20:10;0.629
14:20:12;1.127
14:20:14;1.247
14:20:16;0.255
14:20:18;0.539
14:20:20;0.505
14:20:22;0.034
14:22:02;0.006
14:22:04;0.061
14:22:06;0.018
14:22:08;0.064
14:22:10;0.646
14:22:12;0.310
14:22:14;0.238
14:22:16;0.135
14:22:18;0.788
14:22:20;0.798
14:22:22;0.249
14:22:24;0.041
14:22:26;0.008
14:22:28;0.047
14:22:30;0.621
14:22:32;1.140
14:22:34;1.441
14:22:36;1.111
14:22:38;0.985
14:22:40;0.039
14:22:42;0.003
14:22:44;0.007
14:22:46;0.016
14:22:48;0.097
14:22:50;0.158
14:22:52;0.700
14:23:23;0.010
14:23:25;0.000
14:23:27;0.069
14:23:29;0.161
14:23:31;0.320
14:23:33;0.368
14:23:35;1.125
14:23:37;0.715
14:23:39;0.435
14:23:41;0.114
14:23:43;0.126
14:23:45;0.000
14:23:47;0.099
14:23:49;0.472
14:23:51;0.761
14:23:53;0.278
14:23:55;0.272
14:23:57;1.263
14:23:59;0.242
14:24:01;0.257
14:24:03;0.040
14:24:05;0.000
14:24:07;0.008
14:24:10;0.232
14:24:12;0.028
14:24:14;0.514
14:24:16;1.100
14:24:18;0.989
14:24:20;0.405
14:24:22;0.211
14:24:24;0.011
14:24:27;0.066
14:24:29;0.079
14:24:31;0.217
14:24:33;0.714
14:24:35;0.768
14:24:37;0.656
14:24:39;0.840
14:24:42;0.070
14:24:44;0.035
14:24:46;0.006
14:24:48;0.090
14:24:50;0.337
14:24:52;0.287
14:24:54;1.374
14:24:56;0.166
14:24:58;0.419
14:25:00;0.595
14:25:02;0.061
14:25:05;0.000
14:25:07;0.040
14:25:13;0.247
14:25:15;0.896
14:25:17;0.463
14:25:19;0.160
14:25:21;0.019
14:25:23;0.078
14:25:25;0.000
14:25:27;0.121
14:25:29;0.045
14:25:31;0.810
14:25:33;0.824
14:25:35;0.806
14:25:49;0.513
14:25:51;0.927
14:25:53;0.486
14:25:55;1.308
14:25:57;0.530
14:25:59;0.285
14:26:01;0.287
14:26:03;0.022
14:26:05;0.000
14:26:07;0.131
14:26:09;0.248
14:26:11;0.264
14:26:13;0.622
14:26:15;0.973
14:26:17;0.729
14:26:20;0.339
14:26:22;0.102
14:26:24;0.017
14:26:27;0.009
14:26:29;0.034
14:26:31;0.209
14:26:33;1.316
14:26:35;1.369
14:26:37;0.085
14:26:39;0.766
14:26:41;0.437
14:26:43;0.002
14:26:45;0.000
14:26:47;0.062
14:26:49;0.492
14:26:51;0.192
14:26:53;1.298
14:26:55;1.525
14:26:57;0.940
14:26:59;0.829
14:27:02;0.176
14:27:04;0.020
14:27:06;0.039
14:27:09;0.236
14:27:11;0.074
14:27:13;0.196
14:27:15;1.534
14:27:17;0.542
14:27:20;0.288
14:27:22;0.132
14:27:24;0.003
14:27:26;0.014
14:27:28;0.277
14:27:30;0.595
14:27:32;0.562
14:27:34;0.972
14:27:36;0.194
14:27:38;1.045
14:27:40;0.480
14:27:42;0.147
14:27:44;0.010
14:27:47;0.145
14:27:49;0.465
14:27:51;1.028
14:27:53;0.234
14:27:55;0.899
14:27:57;0.991
14:27:59;0.715
14:28:01;0.439
14:28:03;0.089
14:28:05;0.001
14:28:07;0.041
14:28:09;0.149
14:28:11;0.280
14:28:13;0.692
14:28:15;0.257
14:28:17;0.155
14:28:19;0.075
14:28:21;0.449
14:28:23;0.072
14:28:25;0.001
14:28:27;0.129
14:28:30;0.472
14:28:32;0.934
14:28:34;1.026
14:28:36;0.161
14:28:38;0.577
14:28:40;0.318
14:28:42;0.359
14:28:44;0.030
14:28:46;0.001
14:28:48;0.072
14:28:50;0.275
14:28:52;0.222
14:28:54;0.644
14:28:56;0.538
14:28:58;1.040
14:29:00;0.651
14:29:02;0.050
14:29:04;0.008
14:29:06;0.001
14:29:08;0.099
14:29:10;0.322
14:29:12;0.018
14:29:14;0.387
14:29:16;0.585
14:29:19;0.949
14:29:21;0.693
14:29:23;0.170
14:29:25;0.023
14:29:27;0.037
14:29:29;0.127
14:29:31;0.723
14:29:33;0.817
14:29:35;0.938
14:29:38;1.150
14:29:40;0.415
14:29:42;0.007
14:29:45;0.015
14:29:47;0.040
14:29:49;0.095
14:29:51;0.553
14:29:53;0.311
14:29:55;1.275
14:29:57;1.090
14:30:25;0.096
14:30:27;0.082
14:30:29;0.090
14:30:31;0.028
14:30:33;0.220
14:30:35;0.356
14:30:37;1.241
14:30:39;0.547
14:30:41;0.116
14:30:43;0.189
14:30:45;0.002
14:30:47;0.090
14:30:49;0.182
14:30:51;0.127
14:30:53;0.974
14:30:55;0.111
14:30:57;0.344
14:30:59;0.377
14:31:01;0.230
14:31:03;0.023
14:31:05;0.001
14:31:07;0.094
14:31:09;0.390
14:31:11;0.103
14:31:13;0.734
14:31:15;0.899
14:31:17;0.838
14:31:19;0.568
14:31:21;0.372
14:31:23;0.114
14:31:25;0.001
14:31:27;0.001
14:31:29;0.416
14:31:31;0.886
14:31:33;1.088
14:31:35;0.607
14:31:37;1.276
14:31:39;0.845
14:31:41;0.167
14:31:43;0.028
14:31:45;0.000
14:31:47;0.052
14:31:49;0.084
14:31:51;0.401
14:31:53;0.551
14:31:55;1.230
14:31:57;1.006
14:31:59;1.026
14:32:01;0.353
14:32:03;0.033
14:32:05;0.003
14:32:07;0.094
14:32:09;0.449
14:32:11;0.892
14:32:13;0.994
14:32:15;0.191
14:32:17;0.676
14:32:19;0.291
14:32:22;0.201
14:32:24;0.026
14:32:26;0.001
14:32:28;0.163
14:32:30;0.515
14:32:32;0.924
14:32:35;1.211
14:32:37;0.505
14:32:39;0.430
14:32:42;0.137
14:32:44;0.024
14:32:47;0.063
14:32:49;0.163
14:32:52;0.770
14:32:54;0.377
14:32:56;0.090
14:32:58;0.336
14:33:00;0.828
14:33:03;0.066
14:33:05;0.002
14:33:07;0.037
14:33:09;0.293
14:33:11;0.696
14:33:13;1.118
14:33:15;1.200
14:33:17;0.390
14:33:19;0.264
14:33:21;0.315
14:33:23;0.007
14:33:25;0.003
14:33:27;0.067
14:33:29;0.359
14:33:31;0.563
14:33:33;1.276
14:33:35;1.435
14:33:37;1.156
14:33:39;0.637
14:33:41;0.268
14:33:43;0.056
14:33:45;0.004
14:33:47;0.093
14:33:49;0.143
14:33:51;0.436
14:33:53;0.279
14:33:55;1.382
14:33:57;1.171
14:33:59;0.605
14:34:01;0.472
14:34:03;0.060
14:34:05;0.003
14:36:28;0.356
14:36:30;0.697
14:36:32;0.552
14:36:34;1.515
14:36:36;0.605
14:36:38;0.481
14:36:40;0.032
14:36:42;0.103
14:36:45;0.000
14:36:47;0.146
14:36:49;0.076
14:36:51;0.964
14:36:54;0.914
14:36:56;0.263
14:37:58;0.028
14:38:00;0.496
14:38:02;0.130
14:38:04;0.007
14:38:06;0.001
14:38:08;0.171
14:38:10;0.309
14:38:13;0.116
14:38:15;1.339
14:38:17;1.401
14:38:19;0.907
14:38:21;0.182
14:38:23;0.081
14:38:25;0.010
14:38:27;0.056
14:38:29;0.139
14:38:31;0.261
14:38:33;0.497
14:38:35;0.007
14:38:37;1.342
14:38:39;0.499
14:38:41;0.098
14:38:43;0.182
14:38:45;0.005
14:38:47;0.080
14:38:49;0.325
14:39:07;0.142
14:39:09;0.608
14:39:11;0.779
14:39:13;1.442
14:39:15;1.441
14:39:17;1.055
14:39:19;0.228
14:39:21;0.278
14:39:23;0.008
14:39:25;0.010
14:39:27;0.224
14:39:29;0.476
14:39:31;0.979
14:39:33;0.311
14:39:35;0.027
14:39:37;1.245
14:39:39;0.678
14:39:41;0.130
14:39:43;0.032
14:39:45;0.002
14:39:47;0.118
14:40:03;0.096
14:40:05;0.001
14:40:07;0.031
14:40:09;0.310
14:40:11;0.388
14:40:13;1.130
14:40:15;0.199
14:40:17;1.213
14:40:19;0.803
14:45:56;0.829
14:45:58;1.077
14:46:00;0.312
14:46:02;0.189
14:46:04;0.000
14:46:06;0.011
14:46:08;0.119
14:46:11;0.612
14:46:13;0.624
14:46:15;0.528
14:46:17;0.261
14:46:19;0.358
14:46:21;0.185
14:46:23;0.118
14:46:25;0.000
14:46:27;0.060
14:46:29;0.204
14:46:31;0.340
14:46:33;0.265
14:46:35;1.378
14:46:37;0.308
14:46:39;0.624
14:46:41;0.098
14:46:43;0.069
14:46:45;0.000
14:46:47;0.079
14:46:49;0.276
14:46:51;0.516
14:46:53;0.707
14:46:55;0.776
14:46:57;0.697
14:46:59;0.500
14:47:01;0.260
14:47:03;0.069
14:47:05;0.000
14:47:07;0.079
14:47:09;0.276
14:47:11;0.516
14:47:13;0.707
14:47:15;0.776
14:47:17;0.697
14:47:19;0.500
14:47:21;0.260
14:47:23;0.069
14:47:25;0.000
14:47:27;0.079
14:47:29;0.276
14:47:31;0.516
14:47:33;0.707
14:47:35;0.776
14:47:37;0.697
14:47:39;0.500
14:47:41;0.260
14:47:43;0.069
14:47:45;0.000
14:47:47;0.079
14:47:49;0.278
14:47:51;0.518
14:47:53;0.708
14:47:55;0.776
14:47:57;0.696
14:47:59;0.498
14:48:01;0.258
14:48:03;0.068
14:48:05;0.000
14:48:07;0.080
14:48:10;0.398
14:48:12;0.624
14:48:14;0.760
14:48:16;0.754
14:48:18;0.607
14:48:20;0.378
14:48:22;0.152
14:48:24;0.016
14:48:26;0.022
14:48:28;0.168
14:48:30;0.398
14:48:32;0.624
14:48:34;0.760
14:48:36;0.754
14:48:38;0.607
14:48:40;0.378
14:48:42;0.152
14:48:44;0.016
14:48:46;0.022
14:48:48;0.168
14:48:50;0.398
14:48:52;0.624
14:48:54;0.760
14:52:04;0.776
14:52:06;0.029
14:52:08;0.184
14:52:10;0.419
14:52:12;0.642
14:52:14;0.766
14:52:16;0.745
14:52:18;0.588
14:52:20;0.355
14:52:22;0.134
14:52:24;0.010
14:52:26;0.031
14:52:28;0.188
14:52:30;0.421
14:52:33;0.720
14:52:35;0.774
14:52:37;0.681
14:52:39;0.476
14:52:41;0.237
14:52:43;0.056
14:52:45;0.001
14:52:47;0.095
14:52:49;0.300
14:52:51;0.539
14:52:53;0.720
14:52:55;0.774
14:52:57;0.681
14:52:59;0.476
14:53:01;0.237
14:53:03;0.056
14:53:05;0.001
14:53:07;0.096
14:53:09;0.302
14:53:11;0.541
14:53:13;0.721
14:53:15;0.774
14:53:17;0.680
14:53:19;0.474
14:53:21;0.235
14:53:23;0.055
14:53:25;0.002
14:53:27;0.096
14:53:29;0.302
14:53:31;0.541
14:53:33;0.721
14:53:35;0.774
14:53:37;0.680
14:53:39;0.474
14:53:41;0.235
14:53:43;0.055
14:53:45;0.002
14:53:47;0.096
14:53:49;0.302
14:53:51;0.541
14:53:53;0.721
14:53:55;0.774
14:53:57;0.680
14:53:59;0.474
14:54:01;0.235
14:54:03;0.055
14:54:05;0.002
14:54:07;0.096
14:54:09;0.302
14:54:11;0.541
14:54:13;0.721
14:54:15;0.774
14:54:17;0.680
14:54:19;0.474
14:54:21;0.235
14:54:23;0.055
14:54:25;0.002
14:54:27;0.096
14:54:29;0.302
14:54:31;0.541
14:54:33;0.721
14:54:35;0.774
14:54:37;0.680
14:54:39;0.474
14:54:41;0.235
14:54:43;0.055
14:54:45;0.002
14:54:47;0.096
14:54:49;0.302
14:54:51;0.541
14:54:53;0.721
14:54:56;0.774
14:54:58;0.680
14:55:00;0.474
14:55:02;0.235
14:55:04;0.055
14:55:06;0.002
14:55:09;0.189
14:55:11;0.423
14:55:13;0.643
14:55:15;0.766
14:55:17;0.745
14:55:19;0.587
14:55:21;0.353
14:55:23;0.132
14:55:25;0.010
14:55:27;0.031
14:55:29;0.189
14:55:31;0.423
14:55:33;0.643
14:55:35;0.766
14:55:37;0.745
14:55:39;0.587
14:55:41;0.353
14:55:43;0.132
14:55:45;0.010
14:55:47;0.031
14:55:49;0.189
14:55:51;0.423
14:55:53;0.643
14:55:55;0.766
14:55:57;0.745
14:55:59;0.587
14:56:01;0.353
14:56:03;0.132
14:56:05;0.010
14:56:07;0.031
20:51:05;0.0
20:51:08;0.0
20:51:10;0.0
20:51:12;0.0
20:51:14;0.0
20:51:16;0.0
20:51:18;0.0
20:51:20;0.0
20:51:22;0.0
20:51:25;0.0
20:51:27;0.0
20:51:29;0.0
20:51:31;0.0
20:51:33;0.0
20:51:35;0.0
20:51:37;0.0
20:51:39;0.0
20:51:41;0.0
20:51:43;0.0
20:51:45;0.0
20:51:47;0.0
20:51:49;0.0
20:51:51;0.0
20:51:53;0.0
20:51:55;0.0
20:51:57;0.0
20:51:59;0.0
20:52:01;0.0
20:52:03;0.0
20:52:05;0.0
20:52:07;0.0
20:52:09;0.0
20:52:11;0.0
20:52:13;0.0
20:52:15;0.0
20:52:17;0.0
20:52:19;0.0
20:52:21;0.0
20:52:23;0.0
20:52:25;0.0
20:52:27;0.0
20:52:29;0.0
20:53:57;
20:54:18;0.0
20:54:20;0.0
20:54:22;0.0
20:54:24;0.0
20:54:26;0.0
20:54:28;0.0
20:54:30;0.0
20:54:32;0.0
20:54:34;0.0
20:54:36;0.0
20:54:38;0.0
20:54:40;0.0
20:54:42;0.0
20:54:44;0.0
20:54:46;0.0
20:54:48;0.0
20:56:36;0.0
20:56:38;0.0
20:56:40;0.0
20:56:42;0.0
20:56:44;0.0
20:56:46;0.0
20:56:48;0.0
20:56:50;0.0
20:56:52;0.0
20:56:54;0.0
20:56:56;0.0
20:56:58;0.0
20:57:00;0.0
20:57:02;0.0
20:57:04;0.0
20:57:06;0.0
20:57:08;0.0
20:57:10;0.0
20:57:12;0.0
20:57:14;0.0
20:57:16;0.0
20:57:18;0.0
20:57:20;0.0
20:57:22;0.0
20:57:24;0.0
20:57:26;0.0
20:57:28;0.0
20:57:30;0.0
20:57:32;0.0
20:57:34;0.0
20:57:36;0.0
20:57:38;0.0
20:57:40;0.0
20:57:42;0.0
20:57:44;0.0
20:57:47;0.0
20:57:49;0.0
20:57:51;0.0
20:57:53;0.0
20:59:06;0.0
20:59:08;0.0
20:59:10;0.0
20:59:12;0.0
20:59:14;0.0
20:59:16;0.0
20:59:18;0.0
20:59:20;0.0
20:59:22;0.0
20:59:24;0.0
20:59:26;0.0
20:59:28;0.0
20:59:30;0.0
20:59:32;0.0
20:59:34;0.0
20:59:36;0.0
20:59:38;0.0
20:59:40;0.0
20:59:42;0.0
20:59:44;0.0
20:59:46;0.0
20:59:48;0.0
20:59:50;0.0
20:59:52;0.0
20:59:54;0.0
20:59:56;0.0
20:59:58;0.0
21:00:00;0.0
21:00:02;0.0
21:00:04;0.0
21:00:06;0.0
21:00:08;0.0
21:00:10;0.0
21:00:12;0.0
21:00:14;0.0
21:00:16;0.0
21:00:18;0.0
21:00:20;0.0
21:00:22;0.0
21:00:24;0.0
21:00:26;0.0
21:00:28;0.0
21:00:30;0.0
21:00:32;0.0
21:00:34;0.0
21:00:36;0.0
21:00:38;0.0
21:00:40;0.0
21:00:42;0.0
21:00:44;0.0
21:00:46;0.0
21:00:48;0.0
21:00:50;0.0
21:00:52;0.0
21:00:54;0.0
21:00:56;0.0
21:00:58;0.0
21:01:00;0.0
21:01:02;0.0
21:01:04;0.0
21:01:06;0.0
21:01:08;0.0
21:01:10;0.0
21:01:12;0.0
21:01:14;0.0
21:01:16;0.0
21:01:18;0.0
21:01:20;0.0
21:01:22;0.0
21:01:24;0.0
21:01:26;0.0
21:01:28;0.0
21:01:30;0.0
21:01:32;0.0
21:01:34;0.0
21:01:36;0.0
21:01:38;0.0
21:01:40;0.0
21:01:42;0.0
21:01:44;0.0
21:01:46;0.0
21:01:48;0.0
21:01:50;0.0
21:01:52;0.0
21:01:54;0.0
21:01:56;0.0
21:01:58;0.0
21:02:00;0.0
21:02:02;0.0
21:02:04;0.0
21:02:06;0.0
21:02:08;0.0
21:02:10;0.0
21:02:12;0.0
21:02:14;0.0
21:02:16;0.0
21:02:18;0.0
21:02:20;0.0
21:02:22;0.0
21:02:24;0.0
21:02:26;0.0
21:02:28;0.0
21:02:30;0.0
21:02:32;0.0
21:02:34;0.0
21:02:36;0.0
21:02:38;0.0
21:02:40;0.0
21:02:42;0.0
21:02:44;0.0
21:02:46;0.0
21:02:49;0.0
21:02:51;0.0
21:02:53;0.0
21:02:55;0.0
21:04:37;8000.0
21:04:39;0.0
21:04:41;0.0
21:04:43;0.0
21:04:45;0.0
21:04:47;0.0
21:04:49;0.0
21:04:51;0.0
21:04:53;8000.0
21:04:55;9000.0
21:04:57;8000.0
21:04:59;0.0
21:05:01;0.0
21:05:03;0.0
21:05:05;0.0
21:05:07;0.0
21:05:09;0.0
21:05:11;0.0
21:05:13;8000.0
21:05:15;9000.0
21:05:17;8000.0
21:05:19;0.0
21:05:21;0.0
21:05:23;0.0
21:05:25;0.0
21:05:27;0.0
21:05:29;0.0
21:05:31;7000.0
21:05:33;8000.0
21:15:50;0.0
21:15:52;800.0
21:15:54;900.0
21:15:56;800.0
21:15:58;700.0
21:16:00;0.0
21:16:02;0.0
21:16:04;0.0
21:16:06;0.0
21:16:08;0.0
21:16:10;0.0
21:16:12;800.0
21:16:14;900.0
21:16:16;800.0
21:16:18;700.0
21:16:20;0.0
21:16:22;0.0
21:16:24;0.0
21:16:26;0.0
21:16:28;0.0
21:16:30;0.0
21:16:32;800.0
21:16:34;900.0
21:16:36;800.0
21:18:34;0.0
21:18:36;0.0
21:18:38;0.0
21:18:40;0.0
21:18:42;0.0
21:18:44;0.0
21:18:46;0.0
21:18:48;0.0
21:18:50;0.0
21:18:52;0.0
21:18:54;0.0
21:18:56;0.0
21:18:58;0.0
21:19:00;0.0
21:19:02;0.0
21:19:04;0.0
21:19:06;0.0
21:19:08;0.0
21:19:10;0.0
21:19:12;0.0
21:19:14;0.0
21:19:16;0.0
21:19:18;0.0
21:20:25;0.0
21:20:27;0.0
21:20:29;0.0
21:20:31;0.0
21:20:33;8.0
21:20:35;9.0
21:20:37;8.0
21:20:39;0.0
21:20:41;0.0
21:20:43;0.0
21:20:45;0.0
21:20:47;0.0
21:20:49;0.0
21:20:51;0.0
21:20:53;8.0
21:20:55;9.0
21:21:56;90.0
21:21:58;70.0
21:22:00;0.0
21:22:02;0.0
21:22:04;0.0
21:22:06;0.0
21:22:08;0.0
21:22:10;0.0
21:22:12;80.0
21:22:14;90.0
21:22:16;90.0
21:22:18;70.0
21:22:20;0.0
21:22:22;0.0
21:22:24;0.0
21:22:26;0.0
21:22:28;0.0
21:22:30;0.0
21:22:32;80.0
21:22:34;90.0
21:22:36;90.0
21:22:38;70.0
21:22:40;0.0
21:22:42;0.0
21:22:44;0.0
21:22:46;0.0
21:22:48;0.0
21:22:50;0.0
21:22:52;80.0
21:26:15;0.900
21:26:17;0.800
21:26:19;0.000
21:26:21;0.000
21:26:23;0.000
21:26:25;0.000
21:26:27;0.000
21:26:29;0.000
21:26:31;0.700
21:26:33;0.900
21:26:35;0.900
21:26:37;0.800
21:26:39;0.000
21:26:41;0.000
21:26:43;0.000
21:26:45;0.000
21:26:48;0.000
21:26:50;0.000
21:26:52;0.800
21:26:54;0.900
21:39:02;0.000
21:39:04;0.000
21:39:06;0.000
21:39:08;0.000
21:39:10;0.000
21:39:12;0.700
21:39:14;0.900
21:39:16;0.900
21:39:18;0.700
21:39:20;0.000
21:39:22;0.000
21:39:24;0.000
21:39:26;0.000
21:39:28;0.000
21:39:30;0.000
21:39:32;0.700
21:39:34;0.900
21:39:36;0.900
21:39:38;0.700
21:39:40;0.000
21:39:42;0.000
21:39:44;0.000
21:39:46;0.000
21:39:48;0.000
21:39:50;0.000
21:39:52;0.700
21:39:54;0.900
21:39:56;0.900
21:39:58;0.700
21:40:00;0.000
21:40:02;0.000
21:40:04;0.000
21:40:06;0.000
21:40:08;0.000
21:40:10;0.000
21:40:12;0.700
21:40:14;0.900
21:40:16;0.900
21:40:18;0.700
21:40:20;0.000
21:40:22;0.000
21:40:24;0.000
21:40:26;0.000
21:40:28;0.000
21:40:30;0.000
21:40:32;0.800
21:40:34;0.000
21:40:36;0.000
21:40:38;0.800
21:40:40;0.000
21:40:42;0.000
21:40:44;0.000
21:40:46;0.000
21:40:48;0.000
21:40:50;0.800
21:40:52;0.000
21:40:54;1.600
21:40:56;1.700
21:40:58;0.000
21:41:00;0.900
21:41:02;0.000
21:41:04;0.000
21:41:06;0.000
21:41:08;0.000
21:41:10;0.800
21:41:12;0.000
21:41:14;1.600
21:41:16;1.700
21:41:18;0.000
21:41:20;0.900
21:41:22;0.000
21:41:24;0.000
21:41:26;0.000
21:41:28;0.000
21:41:30;0.800
21:41:32;0.000
21:41:34;1.600
21:41:36;1.700
21:41:38;0.000
21:41:40;0.900
21:41:42;0.000
21:41:44;0.000
21:41:46;0.000
21:41:48;0.000
21:41:50;0.800
21:41:52;0.000
21:41:54;1.600
21:41:56;1.700
21:41:58;1.600
21:42:02;0.000
21:42:06;0.000
21:42:09;0.000
21:42:11;0.000
21:42:13;0.000
21:42:15;1.700
21:42:17;0.000
21:42:19;0.000
21:42:21;0.000
21:46:00;0.000
21:46:03;0.000
21:46:05;0.000
21:46:07;0.000
21:46:09;0.000
21:46:11;0.000
21:46:13;0.000
21:46:15;1.700
21:46:17;0.000
21:46:19;0.000
21:46:21;0.000
21:46:23;0.000
21:46:25;0.000
21:46:27;0.000
21:46:29;0.000
21:46:31;0.000
21:46:33;0.000
21:46:36;1.700
21:46:38;0.000
21:46:40;0.900
21:46:42;0.000
21:46:44;0.000
21:46:46;0.000
21:46:48;0.000
21:46:50;0.800
21:46:52;0.000
21:46:54;1.700
21:46:56;1.700
21:46:58;0.000
21:47:00;0.900
21:47:02;0.000
21:48:39;1.100
21:48:41;0.600
21:48:43;0.200
21:48:45;0.000
21:48:47;0.200
21:48:49;0.600
21:48:51;1.100
21:48:53;1.500
21:48:55;1.700
21:48:57;1.500
21:48:59;1.100
21:49:01;0.600
21:49:03;0.200
21:49:05;0.000
21:49:07;0.200
21:49:09;0.600
21:49:11;1.100
21:49:13;1.500
21:49:15;1.700
21:49:17;1.500
21:49:20;0.900
21:49:22;0.400
21:49:24;0.000
21:49:26;0.000
23:01:39;
23:02:33;0.900
23:02:35;0.000
23:02:37;0.900
23:02:39;0.800
23:02:49;0.400
23:02:51;0.700
23:02:53;0.000
23:02:55;0.000
23:02:57;0.800
23:02:59;0.600
23:03:01;0.300
23:03:03;0.000
23:03:05;0.000
23:03:07;0.200
23:03:09;0.400
23:06:57;0.900
23:06:59;0.700
23:07:01;0.400
23:07:03;0.100
23:07:05;0.000
23:07:07;0.100
23:07:09;0.300
23:07:11;0.600
23:07:13;0.900
23:07:15;0.000
23:07:17;0.900
23:07:19;0.700
23:07:21;0.400
23:07:23;0.100
23:07:25;0.000
23:07:27;0.100
23:07:29;0.300
23:07:31;0.600
23:07:33;0.900
23:07:35;0.000
23:07:37;0.900
23:07:39;0.700
23:07:41;0.400
23:07:43;0.100
23:07:45;0.000
23:07:48;0.200
23:07:50;0.500
23:07:59;0.700
23:08:01;0.400
23:08:04;0.000
23:08:06;0.000
23:08:08;0.200
23:08:10;0.500
23:08:12;0.800
23:08:14;0.000
23:08:16;0.000
23:08:18;0.800
23:08:20;0.500
23:08:22;0.200
23:08:24;0.000
23:09:17;0.900
23:09:19;0.600
23:09:21;0.300
23:09:23;0.100
23:09:25;0.000
23:09:27;0.100
23:09:29;0.400
23:09:32;0.800
23:09:34;0.000
23:09:36;0.000
23:10:05;0.000
23:10:07;0.000
23:10:10;0.400
23:10:12;0.700
23:10:14;0.900
23:10:16;0.000
23:10:18;0.900
23:10:20;0.600
23:10:22;0.300
23:10:24;0.100
23:10:26;0.000
23:10:28;0.100
23:10:31;0.500
23:11:39;0.700
23:11:41;0.400
23:11:43;0.200
23:11:45;0.000
23:11:47;0.000
23:11:49;0.300
23:11:51;0.600
23:11:53;0.800
23:11:55;0.000
23:12:28;0.300
23:12:30;0.600
23:12:32;0.800
23:12:34;0.000
23:12:36;0.000
23:12:38;0.700
23:12:40;0.400
23:12:42;0.200
23:12:44;0.000
23:12:46;0.000
23:13:25;0.000
23:13:27;0.000
23:13:29;0.000
23:13:31;0.000
23:13:33;0.000
23:13:35;0.000
23:22:49;0.300
23:22:51;0.700
23:22:53;0.900
23:22:55;0.000
23:22:57;0.800
23:22:59;0.600
23:23:01;0.300
23:23:03;0.100
23:23:05;0.000
23:23:07;0.200
23:23:09;0.400
23:23:11;0.700
23:23:13;0.000
23:23:15;0.000
23:23:17;0.800
23:34:57;0.900
23:34:59;0.700
23:35:01;0.400
23:35:03;0.100
23:35:05;0.000
23:35:07;0.100
23:35:09;0.300
23:39:37;0.900
23:39:39;0.600
23:39:41;0.300
23:39:43;0.100
23:39:45;0.000
23:39:47;0.100
23:39:49;0.400
23:39:51;0.700
23:39:53;0.900
23:39:55;0.000
23:40:10;0.500
23:40:12;0.800
23:40:14;0.000
23:40:16;0.000
23:40:18;0.800
23:40:20;0.500
23:40:22;0.200
23:40:24;0.000
23:42:22;0.200
23:42:24;0.000
23:42:26;0.000
23:42:28;0.200
23:42:30;0.500
23:42:32;0.800
23:42:34;0.000
23:42:36;0.000
23:42:38;0.800
23:42:40;0.500
23:44:06;0.000
23:44:08;0.200
23:44:10;0.500
23:44:12;0.800
23:44:14;0.000
23:44:16;0.000
23:44:18;0.800
23:44:20;0.500
23:44:22;0.200
23:44:24;0.000
23:44:26;0.000
23:44:28;0.200
23:44:30;0.500
23:44:32;0.800
23:44:34;0.000
23:44:36;0.000
23:44:38;0.800
23:44:40;0.500
23:44:42;0.200
23:44:44;0.000
23:44:46;0.000
23:44:48;0.200
23:44:50;0.500
23:44:52;0.800
23:44:54;0.000
23:44:56;0.000
23:44:58;0.800
23:45:00;0.500
23:45:02;0.200
23:45:04;0.000
23:45:06;0.000
23:45:08;0.200
15:31:17;0.000
15:31:19;0.000
15:31:21;0.000
15:31:23;0.000
15:31:25;0.000
15:31:27;0.000
15:31:29;0.000
15:31:31;0.000
15:31:33;0.000
15:31:35;0.000
15:31:37;0.000
15:31:39;0.000
15:31:41;0.000
15:31:44;0.000
15:31:47;0.000
15:31:50;0.000
15:32:04;0.000
15:32:06;0.000
15:32:08;0.000
15:32:10;0.000
15:32:12;0.000
15:32:14;0.000
15:32:16;0.000
15:32:18;0.000
15:32:20;0.000
15:32:22;0.000
15:32:24;0.000
15:32:26;0.000
15:32:28;0.000
15:32:30;0.000
15:32:32;0.000
15:32:35;0.000
15:32:37;0.000
15:32:39;0.000
15:33:57;0.000
15:33:59;0.000
15:34:01;0.000
15:34:03;0.000
15:34:05;0.000
15:34:07;0.000
15:34:10;0.000
15:34:12;0.000
15:35:04;0.000
15:35:06;0.000
15:35:08;0.000
15:35:10;0.000
15:35:12;0.000
15:35:14;0.000
15:35:16;0.000
15:35:18;0.000
15:35:20;0.000
15:35:22;0.000
15:35:24;0.000
15:35:27;0.000
15:35:29;0.000
15:35:32;0.000
15:35:34;0.000
15:35:36;0.000
15:35:38;0.000
15:35:40;0.000
15:35:43;0.000
15:35:45;0.000
15:35:47;0.000
15:35:50;0.000
15:35:52;0.000
15:35:54;0.000
15:35:57;0.000
15:35:59;0.000
15:36:01;0.000
15:36:03;0.000
15:36:05;0.000
15:36:07;0.000
15:36:09;0.000
15:36:11;0.000
15:36:13;0.000
15:36:15;0.000
15:36:17;0.000
15:36:19;0.000
15:36:22;0.000
15:36:25;0.000
15:36:27;0.000
15:36:30;0.000
15:36:32;0.000
15:36:34;0.000
15:36:36;0.000
15:36:38;0.000
15:36:40;0.000
15:36:42;0.000
15:36:44;0.000
15:36:46;0.000
15:36:48;0.000
15:36:50;0.000
15:36:52;0.000
15:36:54;0.000
15:36:56;0.000
15:36:58;0.000
15:37:00;0.000
15:37:03;0.000
15:37:05;0.000
15:37:07;0.000
15:37:09;0.000
15:37:11;0.000
15:37:13;0.000
15:37:15;0.000
15:37:17;0.000
15:37:20;0.000
15:37:22;0.000
15:37:24;0.000
15:37:26;0.000
15:37:28;0.000
15:37:31;0.000
15:37:33;0.000
15:37:35;0.000
15:37:37;0.000
15:37:39;0.000
15:37:41;0.000
15:37:43;0.000
15:37:45;0.000
15:42:42;0.000
15:42:44;0.000
15:42:46;0.000
15:42:48;0.000
15:42:50;0.000
15:42:52;0.000
15:42:54;0.000
15:42:56;0.000
15:42:58;0.000
15:43:00;0.000
15:43:02;0.000
15:43:04;0.000
15:43:06;0.000
15:52:58;0.000
15:53:00;0.000
15:53:02;0.000
15:53:04;0.000
15:53:06;0.000
15:53:08;0.000
15:53:10;0.000
15:53:12;0.000
15:53:14;0.000
15:53:16;0.000
15:53:18;0.000
15:54:01;0.000
15:54:03;0.000
15:54:05;0.000
15:54:07;0.000
15:54:09;0.000
15:54:11;0.000
15:54:13;0.000
15:54:15;0.000
15:54:17;0.000
15:54:19;0.000
15:54:21;0.000
15:54:23;0.000
15:55:38;0.000
15:55:40;0.000
15:55:42;0.000
15:55:45;0.000
15:55:47;0.000
15:55:49;0.000
15:55:51;0.000
15:55:54;0.000
15:55:56;0.000
15:55:58;0.000
15:56:01;0.000
15:56:03;0.000
15:56:05;0.000
15:56:07;0.000
15:56:09;0.000
15:56:11;0.000
15:56:13;0.000
15:56:15;0.000
15:56:18;0.000
15:56:20;0.000
15:56:22;0.000
15:56:24;0.000
15:56:26;0.000
15:56:28;0.000
15:56:30;0.000
15:56:32;0.000
15:56:34;0.000
15:56:36;0.000
15:56:38;0.000
15:56:40;0.000
15:56:42;0.000
15:56:44;0.000
15:56:46;0.000
15:56:48;0.000
15:56:50;0.000
15:56:52;0.000
15:56:54;0.000
15:56:56;0.000
15:56:58;0.000
15:57:00;0.000
15:57:02;0.000
15:57:04;0.000
15:57:06;0.000
15:57:08;0.000
15:57:10;0.000
15:57:12;0.000
15:57:14;0.000
15:57:16;0.000
15:57:18;0.000
15:57:20;0.000
15:57:22;0.000
15:57:24;0.000
15:57:26;0.000
15:57:28;0.000
15:57:30;0.000
15:57:32;0.000
15:57:34;0.000
15:57:36;0.000
15:57:38;0.000
15:57:40;0.000
15:57:42;0.000
15:57:44;0.000
15:57:46;0.000
15:57:48;0.000
15:57:50;0.000
15:57:52;0.000
15:57:54;0.000
15:57:56;0.000
15:57:58;0.000
15:58:00;0.000
15:58:02;0.000
15:58:04;0.000
15:58:06;0.000
15:58:08;0.000
15:58:10;0.000
15:58:12;0.000
15:58:14;0.000
15:58:17;0.000
15:58:19;0.000
15:58:21;0.000
18:40:56;0.11
18:40:58;0.11
18:41:00;0.11
18:41:02;0.10
18:41:04;0.11
18:41:07;0.11
18:41:09;0.11
18:41:12;0.11
18:41:14;0.11
18:41:16;0.11
18:41:18;0.11
18:41:20;0.11
18:41:23;0.11
18:41:25;0.11
18:41:27;0.11
18:41:29;0.11
18:41:31;0.11
18:41:33;0.11
18:41:35;0.12
18:41:37;0.12
18:41:39;0.11
18:41:41;0.11
18:41:43;0.12
18:41:45;0.12
18:41:47;0.12
18:41:49;0.12
18:41:51;0.12
18:41:53;0.12
18:41:55;0.12
18:41:58;0.12
18:42:00;0.11
18:42:02;0.12
18:42:04;0.12
18:42:07;0.12
18:42:10;0.12
18:42:13;0.12
